W,0x18,0xcad330
R,0x18
W,0x10,0xcad330
W,0xc,0x0
R,0x10
R,0xcad330
R,0xc
W,0xc,0x1
R,0xcad338
W,0x10,0xbaf2580
R,0x10
R,0xbaf2580
R,0xc
W,0xc,0x2
R,0xbaf2588
W,0x10,0xff85360
R,0x10
R,0xff85360
R,0xc
W,0xc,0x3
R,0xff85368
W,0x10,0x89399a0
R,0x10
R,0x89399a0
R,0xc
W,0xc,0x4
R,0x89399a8
W,0x10,0x5a34bb0
R,0x10
R,0x5a34bb0
R,0xc
W,0xc,0x5
R,0x5a34bb8
W,0x10,0xdf96750
R,0x10
R,0xdf96750
R,0xc
W,0xc,0x6
R,0xdf96758
W,0x10,0x13ee750
R,0x10
R,0x13ee750
R,0xc
W,0xc,0x7
R,0x13ee758
W,0x10,0x9c559c0
R,0x10
R,0x9c559c0
R,0xc
W,0xc,0x8
R,0x9c559c8
W,0x10,0x979c80
R,0x10
R,0x979c80
R,0xc
W,0xc,0x9
R,0x979c88
W,0x10,0xf4ec230
R,0x10
R,0xf4ec230
R,0xc
W,0xc,0xa
R,0xf4ec238
W,0x10,0xc5f4e40
R,0x10
R,0xc5f4e40
R,0xc
W,0xc,0xb
R,0xc5f4e48
W,0x10,0x9846880
R,0x10
R,0x9846880
R,0xc
W,0xc,0xc
R,0x9846888
W,0x10,0x5ab3000
R,0x10
R,0x5ab3000
R,0xc
W,0xc,0xd
R,0x5ab3008
W,0x10,0x9eba930
R,0x10
R,0x9eba930
R,0xc
W,0xc,0xe
R,0x9eba938
W,0x10,0x1490a10
R,0x10
R,0x1490a10
R,0xc
W,0xc,0xf
R,0x1490a18
W,0x10,0xb62d290
R,0x10
R,0xb62d290
R,0xc
W,0xc,0x10
R,0xb62d298
W,0x10,0xd4d92e0
R,0x10
R,0xd4d92e0
R,0xc
W,0xc,0x11
R,0xd4d92e8
W,0x10,0xd04e4d0
R,0x10
R,0xd04e4d0
R,0xc
W,0xc,0x12
R,0xd04e4d8
W,0x10,0x5527b60
R,0x10
R,0x5527b60
R,0xc
W,0xc,0x13
R,0x5527b68
W,0x10,0x1369650
R,0x10
R,0x1369650
R,0xc
W,0xc,0x14
R,0x1369658
W,0x10,0x89600d0
R,0x10
R,0x89600d0
R,0xc
W,0xc,0x15
R,0x89600d8
W,0x10,0x694edd0
R,0x10
R,0x694edd0
R,0xc
W,0xc,0x16
R,0x694edd8
W,0x10,0x5a305e0
R,0x10
R,0x5a305e0
R,0xc
W,0xc,0x17
R,0x5a305e8
W,0x10,0x8086dd0
R,0x10
R,0x8086dd0
R,0xc
W,0xc,0x18
R,0x8086dd8
W,0x10,0xaeb9f40
R,0x10
R,0xaeb9f40
R,0xc
W,0xc,0x19
R,0xaeb9f48
W,0x10,0x912e9e0
R,0x10
R,0x912e9e0
R,0xc
W,0xc,0x1a
R,0x912e9e8
W,0x10,0x55e4960
R,0x10
R,0x55e4960
R,0xc
W,0xc,0x1b
R,0x55e4968
W,0x10,0xcb92a70
R,0x10
R,0xcb92a70
R,0xc
W,0xc,0x1c
R,0xcb92a78
W,0x10,0xde1ec00
R,0x10
R,0xde1ec00
R,0xc
W,0xc,0x1d
R,0xde1ec08
W,0x10,0x313dfe0
R,0x10
R,0x313dfe0
R,0xc
W,0xc,0x1e
R,0x313dfe8
W,0x10,0x912f560
R,0x10
R,0x912f560
R,0xc
W,0xc,0x1f
R,0x912f568
W,0x10,0x81aaf00
R,0x10
R,0x81aaf00
R,0xc
W,0xc,0x20
R,0x81aaf08
W,0x10,0x5544990
R,0x10
R,0x5544990
R,0xc
W,0xc,0x21
R,0x5544998
W,0x10,0xf3366b0
R,0x10
R,0xf3366b0
R,0xc
W,0xc,0x22
R,0xf3366b8
W,0x10,0x41223f0
R,0x10
R,0x41223f0
R,0xc
W,0xc,0x23
R,0x41223f8
W,0x10,0xccbee50
R,0x10
R,0xccbee50
R,0xc
W,0xc,0x24
R,0xccbee58
W,0x10,0x617870
R,0x10
R,0x617870
R,0xc
W,0xc,0x25
R,0x617878
W,0x10,0x5894bd0
R,0x10
R,0x5894bd0
R,0xc
W,0xc,0x26
R,0x5894bd8
W,0x10,0xcc5ab00
R,0x10
R,0xcc5ab00
R,0xc
W,0xc,0x27
R,0xcc5ab08
W,0x10,0x5e84af0
R,0x10
R,0x5e84af0
R,0xc
W,0xc,0x28
R,0x5e84af8
W,0x10,0xb67fd0
R,0x10
R,0xb67fd0
R,0xc
W,0xc,0x29
R,0xb67fd8
W,0x10,0x2147840
R,0x10
R,0x2147840
R,0xc
W,0xc,0x2a
R,0x2147848
W,0x10,0x7075880
R,0x10
R,0x7075880
R,0xc
W,0xc,0x2b
R,0x7075888
W,0x10,0x4577a80
R,0x10
R,0x4577a80
R,0xc
W,0xc,0x2c
R,0x4577a88
W,0x10,0x6691d00
R,0x10
R,0x6691d00
R,0xc
W,0xc,0x2d
R,0x6691d08
W,0x10,0xda08ec0
R,0x10
R,0xda08ec0
R,0xc
W,0xc,0x2e
R,0xda08ec8
W,0x10,0x8407120
R,0x10
R,0x8407120
R,0xc
W,0xc,0x2f
R,0x8407128
W,0x10,0x1a5f470
R,0x10
R,0x1a5f470
R,0xc
W,0xc,0x30
R,0x1a5f478
W,0x10,0xfd70f80
R,0x10
R,0xfd70f80
R,0xc
W,0xc,0x31
R,0xfd70f88
W,0x10,0x2996bb0
R,0x10
R,0x2996bb0
R,0xc
W,0xc,0x32
R,0x2996bb8
W,0x10,0xe6a9620
R,0x10
R,0xe6a9620
R,0xc
W,0xc,0x33
R,0xe6a9628
W,0x10,0x3b6f3d0
R,0x10
R,0x3b6f3d0
R,0xc
W,0xc,0x34
R,0x3b6f3d8
W,0x10,0x74c66b0
R,0x10
R,0x74c66b0
R,0xc
W,0xc,0x35
R,0x74c66b8
W,0x10,0x1d00ba0
R,0x10
R,0x1d00ba0
R,0xc
W,0xc,0x36
R,0x1d00ba8
W,0x10,0x2592540
R,0x10
R,0x2592540
R,0xc
W,0xc,0x37
R,0x2592548
W,0x10,0x4317e80
R,0x10
R,0x4317e80
R,0xc
W,0xc,0x38
R,0x4317e88
W,0x10,0x8bd7bc0
R,0x10
R,0x8bd7bc0
R,0xc
W,0xc,0x39
R,0x8bd7bc8
W,0x10,0xd61c860
R,0x10
R,0xd61c860
R,0xc
W,0xc,0x3a
R,0xd61c868
W,0x10,0xf06e6a0
R,0x10
R,0xf06e6a0
R,0xc
W,0xc,0x3b
R,0xf06e6a8
W,0x10,0xc8ca370
R,0x10
R,0xc8ca370
R,0xc
W,0xc,0x3c
R,0xc8ca378
W,0x10,0xc6b25e0
R,0x10
R,0xc6b25e0
R,0xc
W,0xc,0x3d
R,0xc6b25e8
W,0x10,0x80c2640
R,0x10
R,0x80c2640
R,0xc
W,0xc,0x3e
R,0x80c2648
W,0x10,0xcfe3c40
R,0x10
R,0xcfe3c40
R,0xc
W,0xc,0x3f
R,0xcfe3c48
W,0x10,0xbb0e6e0
R,0x10
R,0xbb0e6e0
R,0xc
W,0xc,0x40
R,0xbb0e6e8
W,0x10,0x6276500
R,0x10
R,0x6276500
R,0xc
W,0xc,0x41
R,0x6276508
W,0x10,0xd0b68a0
R,0x10
R,0xd0b68a0
R,0xc
W,0xc,0x42
R,0xd0b68a8
W,0x10,0xb5f8c70
R,0x10
R,0xb5f8c70
R,0xc
W,0xc,0x43
R,0xb5f8c78
W,0x10,0x8784170
R,0x10
R,0x8784170
R,0xc
W,0xc,0x44
R,0x8784178
W,0x10,0xde0f350
R,0x10
R,0xde0f350
R,0xc
W,0xc,0x45
R,0xde0f358
W,0x10,0xf0c1360
R,0x10
R,0xf0c1360
R,0xc
W,0xc,0x46
R,0xf0c1368
W,0x10,0x8690160
R,0x10
R,0x8690160
R,0xc
W,0xc,0x47
R,0x8690168
W,0x10,0x97b2a0
R,0x10
R,0x97b2a0
R,0xc
W,0xc,0x48
R,0x97b2a8
W,0x10,0x249def0
R,0x10
R,0x249def0
R,0xc
W,0xc,0x49
R,0x249def8
W,0x10,0xf14c980
R,0x10
R,0xf14c980
R,0xc
W,0xc,0x4a
R,0xf14c988
W,0x10,0xcd04650
R,0x10
R,0xcd04650
R,0xc
W,0xc,0x4b
R,0xcd04658
W,0x10,0x82c2ba0
R,0x10
R,0x82c2ba0
R,0xc
W,0xc,0x4c
R,0x82c2ba8
W,0x10,0x257e270
R,0x10
R,0x257e270
R,0xc
W,0xc,0x4d
R,0x257e278
W,0x10,0xbc9fa60
R,0x10
R,0xbc9fa60
R,0xc
W,0xc,0x4e
R,0xbc9fa68
W,0x10,0xb2fa1e0
R,0x10
R,0xb2fa1e0
R,0xc
W,0xc,0x4f
R,0xb2fa1e8
W,0x10,0x18b2ff0
R,0x10
R,0x18b2ff0
R,0xc
W,0xc,0x50
R,0x18b2ff8
W,0x10,0x811c5f0
R,0x10
R,0x811c5f0
R,0xc
W,0xc,0x51
R,0x811c5f8
W,0x10,0x7f4c3e0
R,0x10
R,0x7f4c3e0
R,0xc
W,0xc,0x52
R,0x7f4c3e8
W,0x10,0x1ad3280
R,0x10
R,0x1ad3280
R,0xc
W,0xc,0x53
R,0x1ad3288
W,0x10,0x2798850
R,0x10
R,0x2798850
R,0xc
W,0xc,0x54
R,0x2798858
W,0x10,0x7dd9a90
R,0x10
R,0x7dd9a90
R,0xc
W,0xc,0x55
R,0x7dd9a98
W,0x10,0xa03830
R,0x10
R,0xa03830
R,0xc
W,0xc,0x56
R,0xa03838
W,0x10,0xe8b5ad0
R,0x10
R,0xe8b5ad0
R,0xc
W,0xc,0x57
R,0xe8b5ad8
W,0x10,0xca8b70
R,0x10
R,0xca8b70
R,0xc
W,0xc,0x58
R,0xca8b78
W,0x10,0x710d430
R,0x10
R,0x710d430
R,0xc
W,0xc,0x59
R,0x710d438
W,0x10,0x8cc0de0
R,0x10
R,0x8cc0de0
R,0xc
W,0xc,0x5a
R,0x8cc0de8
W,0x10,0x1f26990
R,0x10
R,0x1f26990
R,0xc
W,0xc,0x5b
R,0x1f26998
W,0x10,0x1aefba0
R,0x10
R,0x1aefba0
R,0xc
W,0xc,0x5c
R,0x1aefba8
W,0x10,0x4f0b750
R,0x10
R,0x4f0b750
R,0xc
W,0xc,0x5d
R,0x4f0b758
W,0x10,0x66733c0
R,0x10
R,0x66733c0
R,0xc
W,0xc,0x5e
R,0x66733c8
W,0x10,0xa7612e0
R,0x10
R,0xa7612e0
R,0xc
W,0xc,0x5f
R,0xa7612e8
W,0x10,0x2816030
R,0x10
R,0x2816030
R,0xc
W,0xc,0x60
R,0x2816038
W,0x10,0x9db5c10
R,0x10
R,0x9db5c10
R,0xc
W,0xc,0x61
R,0x9db5c18
W,0x10,0x9dfe890
R,0x10
R,0x9dfe890
R,0xc
W,0xc,0x62
R,0x9dfe898
W,0x10,0xb5df940
R,0x10
R,0xb5df940
R,0xc
W,0xc,0x63
R,0xb5df948
W,0x10,0xa5500e0
R,0x10
R,0xa5500e0
R,0xc
W,0xc,0x64
R,0xa5500e8
W,0x10,0xb448750
R,0x10
R,0xb448750
R,0xc
W,0xc,0x65
R,0xb448758
W,0x10,0x455deb0
R,0x10
R,0x455deb0
R,0xc
W,0xc,0x66
R,0x455deb8
W,0x10,0x60f4820
R,0x10
R,0x60f4820
R,0xc
W,0xc,0x67
R,0x60f4828
W,0x10,0xdd0e2f0
R,0x10
R,0xdd0e2f0
R,0xc
W,0xc,0x68
R,0xdd0e2f8
W,0x10,0x205f930
R,0x10
R,0x205f930
R,0xc
W,0xc,0x69
R,0x205f938
W,0x10,0xabe1260
R,0x10
R,0xabe1260
R,0xc
W,0xc,0x6a
R,0xabe1268
W,0x10,0x9524a80
R,0x10
R,0x9524a80
R,0xc
W,0xc,0x6b
R,0x9524a88
W,0x10,0xea5f2d0
R,0x10
R,0xea5f2d0
R,0xc
W,0xc,0x6c
R,0xea5f2d8
W,0x10,0xeb3c2d0
R,0x10
R,0xeb3c2d0
R,0xc
W,0xc,0x6d
R,0xeb3c2d8
W,0x10,0xc4f5580
R,0x10
R,0xc4f5580
R,0xc
W,0xc,0x6e
R,0xc4f5588
W,0x10,0x8018de0
R,0x10
R,0x8018de0
R,0xc
W,0xc,0x6f
R,0x8018de8
W,0x10,0xdccd880
R,0x10
R,0xdccd880
R,0xc
W,0xc,0x70
R,0xdccd888
W,0x10,0xd83d680
R,0x10
R,0xd83d680
R,0xc
W,0xc,0x71
R,0xd83d688
W,0x10,0x45d0020
R,0x10
R,0x45d0020
R,0xc
W,0xc,0x72
R,0x45d0028
W,0x10,0xe5c0a00
R,0x10
R,0xe5c0a00
R,0xc
W,0xc,0x73
R,0xe5c0a08
W,0x10,0xdee0d30
R,0x10
R,0xdee0d30
R,0xc
W,0xc,0x74
R,0xdee0d38
W,0x10,0x5860ac0
R,0x10
R,0x5860ac0
R,0xc
W,0xc,0x75
R,0x5860ac8
W,0x10,0x9423110
R,0x10
R,0x9423110
R,0xc
W,0xc,0x76
R,0x9423118
W,0x10,0x991eed0
R,0x10
R,0x991eed0
R,0xc
W,0xc,0x77
R,0x991eed8
W,0x10,0x7bab3d0
R,0x10
R,0x7bab3d0
R,0xc
W,0xc,0x78
R,0x7bab3d8
W,0x10,0x6b8e340
R,0x10
R,0x6b8e340
R,0xc
W,0xc,0x79
R,0x6b8e348
W,0x10,0x7a526c0
R,0x10
R,0x7a526c0
R,0xc
W,0xc,0x7a
R,0x7a526c8
W,0x10,0x83f1d80
R,0x10
R,0x83f1d80
R,0xc
W,0xc,0x7b
R,0x83f1d88
W,0x10,0xe59fb80
R,0x10
R,0xe59fb80
R,0xc
W,0xc,0x7c
R,0xe59fb88
W,0x10,0x7422940
R,0x10
R,0x7422940
R,0xc
W,0xc,0x7d
R,0x7422948
W,0x10,0x6b88d80
R,0x10
R,0x6b88d80
R,0xc
W,0xc,0x7e
R,0x6b88d88
W,0x10,0x68f1f10
R,0x10
R,0x68f1f10
R,0xc
W,0xc,0x7f
R,0x68f1f18
W,0x10,0xa2e0390
R,0x10
R,0xa2e0390
R,0xc
W,0xc,0x80
R,0xa2e0398
W,0x10,0x6249fd0
R,0x10
R,0x6249fd0
R,0xc
W,0xc,0x81
R,0x6249fd8
W,0x10,0x9eb7aa0
R,0x10
R,0x9eb7aa0
R,0xc
W,0xc,0x82
R,0x9eb7aa8
W,0x10,0xb04ef00
R,0x10
R,0xb04ef00
R,0xc
W,0xc,0x83
R,0xb04ef08
W,0x10,0x1f416e0
R,0x10
R,0x1f416e0
R,0xc
W,0xc,0x84
R,0x1f416e8
W,0x10,0x843b0d0
R,0x10
R,0x843b0d0
R,0xc
W,0xc,0x85
R,0x843b0d8
W,0x10,0xb51c760
R,0x10
R,0xb51c760
R,0xc
W,0xc,0x86
R,0xb51c768
W,0x10,0x4234390
R,0x10
R,0x4234390
R,0xc
W,0xc,0x87
R,0x4234398
W,0x10,0x592500
R,0x10
R,0x592500
R,0xc
W,0xc,0x88
R,0x592508
W,0x10,0x78f38a0
R,0x10
R,0x78f38a0
R,0xc
W,0xc,0x89
R,0x78f38a8
W,0x10,0xc6049e0
R,0x10
R,0xc6049e0
R,0xc
W,0xc,0x8a
R,0xc6049e8
W,0x10,0xed81100
R,0x10
R,0xed81100
R,0xc
W,0xc,0x8b
R,0xed81108
W,0x10,0x988c830
R,0x10
R,0x988c830
R,0xc
W,0xc,0x8c
R,0x988c838
W,0x10,0xf6faa70
R,0x10
R,0xf6faa70
R,0xc
W,0xc,0x8d
R,0xf6faa78
W,0x10,0xe3c2630
R,0x10
R,0xe3c2630
R,0xc
W,0xc,0x8e
R,0xe3c2638
W,0x10,0x66681d0
R,0x10
R,0x66681d0
R,0xc
W,0xc,0x8f
R,0x66681d8
W,0x10,0x5b63c80
R,0x10
R,0x5b63c80
R,0xc
W,0xc,0x90
R,0x5b63c88
W,0x10,0x3cd2770
R,0x10
R,0x3cd2770
R,0xc
W,0xc,0x91
R,0x3cd2778
W,0x10,0xdb67f00
R,0x10
R,0xdb67f00
R,0xc
W,0xc,0x92
R,0xdb67f08
W,0x10,0x69cd220
R,0x10
R,0x69cd220
R,0xc
W,0xc,0x93
R,0x69cd228
W,0x10,0xc9a9690
R,0x10
R,0xc9a9690
R,0xc
W,0xc,0x94
R,0xc9a9698
W,0x10,0x7c1a590
R,0x10
R,0x7c1a590
R,0xc
W,0xc,0x95
R,0x7c1a598
W,0x10,0xd700b00
R,0x10
R,0xd700b00
R,0xc
W,0xc,0x96
R,0xd700b08
W,0x10,0xbe8c1f0
R,0x10
R,0xbe8c1f0
R,0xc
W,0xc,0x97
R,0xbe8c1f8
W,0x10,0xb2a2b80
R,0x10
R,0xb2a2b80
R,0xc
W,0xc,0x98
R,0xb2a2b88
W,0x10,0x92361d0
R,0x10
R,0x92361d0
R,0xc
W,0xc,0x99
R,0x92361d8
W,0x10,0xaeecf80
R,0x10
R,0xaeecf80
R,0xc
W,0xc,0x9a
R,0xaeecf88
W,0x10,0xb3d7090
R,0x10
R,0xb3d7090
R,0xc
W,0xc,0x9b
R,0xb3d7098
W,0x10,0x28d9600
R,0x10
R,0x28d9600
R,0xc
W,0xc,0x9c
R,0x28d9608
W,0x10,0x97812b0
R,0x10
R,0x97812b0
R,0xc
W,0xc,0x9d
R,0x97812b8
W,0x10,0x4cb6900
R,0x10
R,0x4cb6900
R,0xc
W,0xc,0x9e
R,0x4cb6908
W,0x10,0x983ac70
R,0x10
R,0x983ac70
R,0xc
W,0xc,0x9f
R,0x983ac78
W,0x10,0xdd4c210
R,0x10
R,0xdd4c210
R,0xc
W,0xc,0xa0
R,0xdd4c218
W,0x10,0x1c61270
R,0x10
R,0x1c61270
R,0xc
W,0xc,0xa1
R,0x1c61278
W,0x10,0x8724bd0
R,0x10
R,0x8724bd0
R,0xc
W,0xc,0xa2
R,0x8724bd8
W,0x10,0x2c178f0
R,0x10
R,0x2c178f0
R,0xc
W,0xc,0xa3
R,0x2c178f8
W,0x10,0x5877080
R,0x10
R,0x5877080
R,0xc
W,0xc,0xa4
R,0x5877088
W,0x10,0x14e5920
R,0x10
R,0x14e5920
R,0xc
W,0xc,0xa5
R,0x14e5928
W,0x10,0x49ad0f0
R,0x10
R,0x49ad0f0
R,0xc
W,0xc,0xa6
R,0x49ad0f8
W,0x10,0xfacdde0
R,0x10
R,0xfacdde0
R,0xc
W,0xc,0xa7
R,0xfacdde8
W,0x10,0xe1870f0
R,0x10
R,0xe1870f0
R,0xc
W,0xc,0xa8
R,0xe1870f8
W,0x10,0xb914840
R,0x10
R,0xb914840
R,0xc
W,0xc,0xa9
R,0xb914848
W,0x10,0x24909e0
R,0x10
R,0x24909e0
R,0xc
W,0xc,0xaa
R,0x24909e8
W,0x10,0xe105470
R,0x10
R,0xe105470
R,0xc
W,0xc,0xab
R,0xe105478
W,0x10,0xb6d7590
R,0x10
R,0xb6d7590
R,0xc
W,0xc,0xac
R,0xb6d7598
W,0x10,0x8973640
R,0x10
R,0x8973640
R,0xc
W,0xc,0xad
R,0x8973648
W,0x10,0x13292a0
R,0x10
R,0x13292a0
R,0xc
W,0xc,0xae
R,0x13292a8
W,0x10,0x1d0550
R,0x10
R,0x1d0550
R,0xc
W,0xc,0xaf
R,0x1d0558
W,0x10,0xa23b840
R,0x10
R,0xa23b840
R,0xc
W,0xc,0xb0
R,0xa23b848
W,0x10,0x2028700
R,0x10
R,0x2028700
R,0xc
W,0xc,0xb1
R,0x2028708
W,0x10,0x5ec740
R,0x10
R,0x5ec740
R,0xc
W,0xc,0xb2
R,0x5ec748
W,0x10,0xb9bc550
R,0x10
R,0xb9bc550
R,0xc
W,0xc,0xb3
R,0xb9bc558
W,0x10,0x68646d0
R,0x10
R,0x68646d0
R,0xc
W,0xc,0xb4
R,0x68646d8
W,0x10,0xa16d2f0
R,0x10
R,0xa16d2f0
R,0xc
W,0xc,0xb5
R,0xa16d2f8
W,0x10,0x49149b0
R,0x10
R,0x49149b0
R,0xc
W,0xc,0xb6
R,0x49149b8
W,0x10,0xed4f920
R,0x10
R,0xed4f920
R,0xc
W,0xc,0xb7
R,0xed4f928
W,0x10,0x64c1810
R,0x10
R,0x64c1810
R,0xc
W,0xc,0xb8
R,0x64c1818
W,0x10,0x5f874c0
R,0x10
R,0x5f874c0
R,0xc
W,0xc,0xb9
R,0x5f874c8
W,0x10,0x4bcdfa0
R,0x10
R,0x4bcdfa0
R,0xc
W,0xc,0xba
R,0x4bcdfa8
W,0x10,0xebbc1f0
R,0x10
R,0xebbc1f0
R,0xc
W,0xc,0xbb
R,0xebbc1f8
W,0x10,0x9046a90
R,0x10
R,0x9046a90
R,0xc
W,0xc,0xbc
R,0x9046a98
W,0x10,0x931c7d0
R,0x10
R,0x931c7d0
R,0xc
W,0xc,0xbd
R,0x931c7d8
W,0x10,0xc791b60
R,0x10
R,0xc791b60
R,0xc
W,0xc,0xbe
R,0xc791b68
W,0x10,0xdb14960
R,0x10
R,0xdb14960
R,0xc
W,0xc,0xbf
R,0xdb14968
W,0x10,0x72dbbd0
R,0x10
R,0x72dbbd0
R,0xc
W,0xc,0xc0
R,0x72dbbd8
W,0x10,0xc4baa80
R,0x10
R,0xc4baa80
R,0xc
W,0xc,0xc1
R,0xc4baa88
W,0x10,0xf8419e0
R,0x10
R,0xf8419e0
R,0xc
W,0xc,0xc2
R,0xf8419e8
W,0x10,0x7d32140
R,0x10
R,0x7d32140
R,0xc
W,0xc,0xc3
R,0x7d32148
W,0x10,0xaa6dab0
R,0x10
R,0xaa6dab0
R,0xc
W,0xc,0xc4
R,0xaa6dab8
W,0x10,0xad011d0
R,0x10
R,0xad011d0
R,0xc
W,0xc,0xc5
R,0xad011d8
W,0x10,0xa9520a0
R,0x10
R,0xa9520a0
R,0xc
W,0xc,0xc6
R,0xa9520a8
W,0x10,0x81681c0
R,0x10
R,0x81681c0
R,0xc
W,0xc,0xc7
R,0x81681c8
W,0x10,0x5696480
R,0x10
R,0x5696480
R,0xc
W,0xc,0xc8
R,0x5696488
W,0x10,0xf1315b0
R,0x10
R,0xf1315b0
R,0xc
W,0xc,0xc9
R,0xf1315b8
W,0x10,0x930a510
R,0x10
R,0x930a510
R,0xc
W,0xc,0xca
R,0x930a518
W,0x10,0x3d3eda0
R,0x10
R,0x3d3eda0
R,0xc
W,0xc,0xcb
R,0x3d3eda8
W,0x10,0xf94c6a0
R,0x10
R,0xf94c6a0
R,0xc
W,0xc,0xcc
R,0xf94c6a8
W,0x10,0xd7e1000
R,0x10
R,0xd7e1000
R,0xc
W,0xc,0xcd
R,0xd7e1008
W,0x10,0xbd4a610
R,0x10
R,0xbd4a610
R,0xc
W,0xc,0xce
R,0xbd4a618
W,0x10,0xe95cab0
R,0x10
R,0xe95cab0
R,0xc
W,0xc,0xcf
R,0xe95cab8
W,0x10,0xf3222c0
R,0x10
R,0xf3222c0
R,0xc
W,0xc,0xd0
R,0xf3222c8
W,0x10,0x5ae2f50
R,0x10
R,0x5ae2f50
R,0xc
W,0xc,0xd1
R,0x5ae2f58
W,0x10,0x1337b40
R,0x10
R,0x1337b40
R,0xc
W,0xc,0xd2
R,0x1337b48
W,0x10,0x5a00210
R,0x10
R,0x5a00210
R,0xc
W,0xc,0xd3
R,0x5a00218
W,0x10,0x43214c0
R,0x10
R,0x43214c0
R,0xc
W,0xc,0xd4
R,0x43214c8
W,0x10,0x133a3c0
R,0x10
R,0x133a3c0
R,0xc
W,0xc,0xd5
R,0x133a3c8
W,0x10,0xf7b12f0
R,0x10
R,0xf7b12f0
R,0xc
W,0xc,0xd6
R,0xf7b12f8
W,0x10,0x8b680f0
R,0x10
R,0x8b680f0
R,0xc
W,0xc,0xd7
R,0x8b680f8
W,0x10,0x1e85ab0
R,0x10
R,0x1e85ab0
R,0xc
W,0xc,0xd8
R,0x1e85ab8
W,0x10,0xfec2170
R,0x10
R,0xfec2170
R,0xc
W,0xc,0xd9
R,0xfec2178
W,0x10,0x13fb610
R,0x10
R,0x13fb610
R,0xc
W,0xc,0xda
R,0x13fb618
W,0x10,0x9a5e60
R,0x10
R,0x9a5e60
R,0xc
W,0xc,0xdb
R,0x9a5e68
W,0x10,0x8fd83b0
R,0x10
R,0x8fd83b0
R,0xc
W,0xc,0xdc
R,0x8fd83b8
W,0x10,0xe628360
R,0x10
R,0xe628360
R,0xc
W,0xc,0xdd
R,0xe628368
W,0x10,0xb365420
R,0x10
R,0xb365420
R,0xc
W,0xc,0xde
R,0xb365428
W,0x10,0x6e82640
R,0x10
R,0x6e82640
R,0xc
W,0xc,0xdf
R,0x6e82648
W,0x10,0xdd59610
R,0x10
R,0xdd59610
R,0xc
W,0xc,0xe0
R,0xdd59618
W,0x10,0x3b53b10
R,0x10
R,0x3b53b10
R,0xc
W,0xc,0xe1
R,0x3b53b18
W,0x10,0xb6af9b0
R,0x10
R,0xb6af9b0
R,0xc
W,0xc,0xe2
R,0xb6af9b8
W,0x10,0xccead90
R,0x10
R,0xccead90
R,0xc
W,0xc,0xe3
R,0xccead98
W,0x10,0x3dff080
R,0x10
R,0x3dff080
R,0xc
W,0xc,0xe4
R,0x3dff088
W,0x10,0x63456e0
R,0x10
R,0x63456e0
R,0xc
W,0xc,0xe5
R,0x63456e8
W,0x10,0x615fad0
R,0x10
R,0x615fad0
R,0xc
W,0xc,0xe6
R,0x615fad8
W,0x10,0xd42c990
R,0x10
R,0xd42c990
R,0xc
W,0xc,0xe7
R,0xd42c998
W,0x10,0xc6788c0
R,0x10
R,0xc6788c0
R,0xc
W,0xc,0xe8
R,0xc6788c8
W,0x10,0x88bf8c0
R,0x10
R,0x88bf8c0
R,0xc
W,0xc,0xe9
R,0x88bf8c8
W,0x10,0x43e83b0
R,0x10
R,0x43e83b0
R,0xc
W,0xc,0xea
R,0x43e83b8
W,0x10,0xe864170
R,0x10
R,0xe864170
R,0xc
W,0xc,0xeb
R,0xe864178
W,0x10,0x7544930
R,0x10
R,0x7544930
R,0xc
W,0xc,0xec
R,0x7544938
W,0x10,0x12a38e0
R,0x10
R,0x12a38e0
R,0xc
W,0xc,0xed
R,0x12a38e8
W,0x10,0xf361720
R,0x10
R,0xf361720
R,0xc
W,0xc,0xee
R,0xf361728
W,0x10,0xad226e0
R,0x10
R,0xad226e0
R,0xc
W,0xc,0xef
R,0xad226e8
W,0x10,0xfbb0e50
R,0x10
R,0xfbb0e50
R,0xc
W,0xc,0xf0
R,0xfbb0e58
W,0x10,0xffb57e0
R,0x10
R,0xffb57e0
R,0xc
W,0xc,0xf1
R,0xffb57e8
W,0x10,0x3ff270
R,0x10
R,0x3ff270
R,0xc
W,0xc,0xf2
R,0x3ff278
W,0x10,0xdb6e260
R,0x10
R,0xdb6e260
R,0xc
W,0xc,0xf3
R,0xdb6e268
W,0x10,0x63f6890
R,0x10
R,0x63f6890
R,0xc
W,0xc,0xf4
R,0x63f6898
W,0x10,0x4ccbab0
R,0x10
R,0x4ccbab0
R,0xc
W,0xc,0xf5
R,0x4ccbab8
W,0x10,0xcb323b0
R,0x10
R,0xcb323b0
R,0xc
W,0xc,0xf6
R,0xcb323b8
W,0x10,0xe381c0
R,0x10
R,0xe381c0
R,0xc
W,0xc,0xf7
R,0xe381c8
W,0x10,0xfacc2c0
R,0x10
R,0xfacc2c0
R,0xc
W,0xc,0xf8
R,0xfacc2c8
W,0x10,0x5496850
R,0x10
R,0x5496850
R,0xc
W,0xc,0xf9
R,0x5496858
W,0x10,0xa0363d0
R,0x10
R,0xa0363d0
R,0xc
W,0xc,0xfa
R,0xa0363d8
W,0x10,0xc6ec100
R,0x10
R,0xc6ec100
R,0xc
W,0xc,0xfb
R,0xc6ec108
W,0x10,0x7257490
R,0x10
R,0x7257490
R,0xc
W,0xc,0xfc
R,0x7257498
W,0x10,0x624a180
R,0x10
R,0x624a180
R,0xc
W,0xc,0xfd
R,0x624a188
W,0x10,0x46b7010
R,0x10
R,0x46b7010
R,0xc
W,0xc,0xfe
R,0x46b7018
W,0x10,0xbe87590
R,0x10
R,0xbe87590
R,0xc
W,0xc,0xff
R,0xbe87598
W,0x10,0xcd0c5a0
R,0x10
R,0xcd0c5a0
R,0xc
W,0xc,0x100
R,0xcd0c5a8
W,0x10,0x9de73c0
R,0x10
R,0x9de73c0
R,0xc
W,0xc,0x101
R,0x9de73c8
W,0x10,0x9372db0
R,0x10
R,0x9372db0
R,0xc
W,0xc,0x102
R,0x9372db8
W,0x10,0xb36e350
R,0x10
R,0xb36e350
R,0xc
W,0xc,0x103
R,0xb36e358
W,0x10,0x75880
R,0x10
R,0x75880
R,0xc
W,0xc,0x104
R,0x75888
W,0x10,0xbee68b0
R,0x10
R,0xbee68b0
R,0xc
W,0xc,0x105
R,0xbee68b8
W,0x10,0x576c160
R,0x10
R,0x576c160
R,0xc
W,0xc,0x106
R,0x576c168
W,0x10,0x5f612b0
R,0x10
R,0x5f612b0
R,0xc
W,0xc,0x107
R,0x5f612b8
W,0x10,0xf2dd830
R,0x10
R,0xf2dd830
R,0xc
W,0xc,0x108
R,0xf2dd838
W,0x10,0xf6f7ea0
R,0x10
R,0xf6f7ea0
R,0xc
W,0xc,0x109
R,0xf6f7ea8
W,0x10,0x817c990
R,0x10
R,0x817c990
R,0xc
W,0xc,0x10a
R,0x817c998
W,0x10,0x892c060
R,0x10
R,0x892c060
R,0xc
W,0xc,0x10b
R,0x892c068
W,0x10,0xa1faa90
R,0x10
R,0xa1faa90
R,0xc
W,0xc,0x10c
R,0xa1faa98
W,0x10,0x6d658c0
R,0x10
R,0x6d658c0
R,0xc
W,0xc,0x10d
R,0x6d658c8
W,0x10,0x4739840
R,0x10
R,0x4739840
R,0xc
W,0xc,0x10e
R,0x4739848
W,0x10,0x9df6ef0
R,0x10
R,0x9df6ef0
R,0xc
W,0xc,0x10f
R,0x9df6ef8
W,0x10,0x99c8d10
R,0x10
R,0x99c8d10
R,0xc
W,0xc,0x110
R,0x99c8d18
W,0x10,0x2731b50
R,0x10
R,0x2731b50
R,0xc
W,0xc,0x111
R,0x2731b58
W,0x10,0x5982f90
R,0x10
R,0x5982f90
R,0xc
W,0xc,0x112
R,0x5982f98
W,0x10,0x875ade0
R,0x10
R,0x875ade0
R,0xc
W,0xc,0x113
R,0x875ade8
W,0x10,0x72130d0
R,0x10
R,0x72130d0
R,0xc
W,0xc,0x114
R,0x72130d8
W,0x10,0x87bd200
R,0x10
R,0x87bd200
R,0xc
W,0xc,0x115
R,0x87bd208
W,0x10,0x4de2650
R,0x10
R,0x4de2650
R,0xc
W,0xc,0x116
R,0x4de2658
W,0x10,0x7ca28e0
R,0x10
R,0x7ca28e0
R,0xc
W,0xc,0x117
R,0x7ca28e8
W,0x10,0xb9adcd0
R,0x10
R,0xb9adcd0
R,0xc
W,0xc,0x118
R,0xb9adcd8
W,0x10,0x2b947e0
R,0x10
R,0x2b947e0
R,0xc
W,0xc,0x119
R,0x2b947e8
W,0x10,0xbb120a0
R,0x10
R,0xbb120a0
R,0xc
W,0xc,0x11a
R,0xbb120a8
W,0x10,0x508c20
R,0x10
R,0x508c20
R,0xc
W,0xc,0x11b
R,0x508c28
W,0x10,0x2f6e850
R,0x10
R,0x2f6e850
R,0xc
W,0xc,0x11c
R,0x2f6e858
W,0x10,0xfa70e40
R,0x10
R,0xfa70e40
R,0xc
W,0xc,0x11d
R,0xfa70e48
W,0x10,0x2b39170
R,0x10
R,0x2b39170
R,0xc
W,0xc,0x11e
R,0x2b39178
W,0x10,0xdeffce0
R,0x10
R,0xdeffce0
R,0xc
W,0xc,0x11f
R,0xdeffce8
W,0x10,0x669ce50
R,0x10
R,0x669ce50
R,0xc
W,0xc,0x120
R,0x669ce58
W,0x10,0xc239b00
R,0x10
R,0xc239b00
R,0xc
W,0xc,0x121
R,0xc239b08
W,0x10,0xfb04080
R,0x10
R,0xfb04080
R,0xc
W,0xc,0x122
R,0xfb04088
W,0x10,0xa5fa840
R,0x10
R,0xa5fa840
R,0xc
W,0xc,0x123
R,0xa5fa848
W,0x10,0xf3e3d60
R,0x10
R,0xf3e3d60
R,0xc
W,0xc,0x124
R,0xf3e3d68
W,0x10,0x2cc21c0
R,0x10
R,0x2cc21c0
R,0xc
W,0xc,0x125
R,0x2cc21c8
W,0x10,0xa4662f0
R,0x10
R,0xa4662f0
R,0xc
W,0xc,0x126
R,0xa4662f8
W,0x10,0x4f19810
R,0x10
R,0x4f19810
R,0xc
W,0xc,0x127
R,0x4f19818
W,0x10,0x1f53800
R,0x10
R,0x1f53800
R,0xc
W,0xc,0x128
R,0x1f53808
W,0x10,0xfe941a0
R,0x10
R,0xfe941a0
R,0xc
W,0xc,0x129
R,0xfe941a8
W,0x10,0x2cbfd00
R,0x10
R,0x2cbfd00
R,0xc
W,0xc,0x12a
R,0x2cbfd08
W,0x10,0xae9c6e0
R,0x10
R,0xae9c6e0
R,0xc
W,0xc,0x12b
R,0xae9c6e8
W,0x10,0x635bee0
R,0x10
R,0x635bee0
R,0xc
W,0xc,0x12c
R,0x635bee8
W,0x10,0xcb34240
R,0x10
R,0xcb34240
R,0xc
W,0xc,0x12d
R,0xcb34248
W,0x10,0xede25a0
R,0x10
R,0xede25a0
R,0xc
W,0xc,0x12e
R,0xede25a8
W,0x10,0x355c000
R,0x10
R,0x355c000
R,0xc
W,0xc,0x12f
R,0x355c008
W,0x10,0xb117f90
R,0x10
R,0xb117f90
R,0xc
W,0xc,0x130
R,0xb117f98
W,0x10,0x73e4190
R,0x10
R,0x73e4190
R,0xc
W,0xc,0x131
R,0x73e4198
W,0x10,0x696f640
R,0x10
R,0x696f640
R,0xc
W,0xc,0x132
R,0x696f648
W,0x10,0x6551f30
R,0x10
R,0x6551f30
R,0xc
W,0xc,0x133
R,0x6551f38
W,0x10,0xaba4f10
R,0x10
R,0xaba4f10
R,0xc
W,0xc,0x134
R,0xaba4f18
W,0x10,0x5e31cd0
R,0x10
R,0x5e31cd0
R,0xc
W,0xc,0x135
R,0x5e31cd8
W,0x10,0x3b8bf0
R,0x10
R,0x3b8bf0
R,0xc
W,0xc,0x136
R,0x3b8bf8
W,0x10,0xdbf5610
R,0x10
R,0xdbf5610
R,0xc
W,0xc,0x137
R,0xdbf5618
W,0x10,0x60e2720
R,0x10
R,0x60e2720
R,0xc
W,0xc,0x138
R,0x60e2728
W,0x10,0x347f6e0
R,0x10
R,0x347f6e0
R,0xc
W,0xc,0x139
R,0x347f6e8
W,0x10,0x49ef8d0
R,0x10
R,0x49ef8d0
R,0xc
W,0xc,0x13a
R,0x49ef8d8
W,0x10,0x68936c0
R,0x10
R,0x68936c0
R,0xc
W,0xc,0x13b
R,0x68936c8
W,0x10,0xb6902a0
R,0x10
R,0xb6902a0
R,0xc
W,0xc,0x13c
R,0xb6902a8
W,0x10,0x7bc7eb0
R,0x10
R,0x7bc7eb0
R,0xc
W,0xc,0x13d
R,0x7bc7eb8
W,0x10,0xcc42b20
R,0x10
R,0xcc42b20
R,0xc
W,0xc,0x13e
R,0xcc42b28
W,0x10,0x77adb00
R,0x10
R,0x77adb00
R,0xc
W,0xc,0x13f
R,0x77adb08
W,0x10,0x53b000
R,0x10
R,0x53b000
R,0xc
W,0xc,0x140
R,0x53b008
W,0x10,0x831b4e0
R,0x10
R,0x831b4e0
R,0xc
W,0xc,0x141
R,0x831b4e8
W,0x10,0xdd3eec0
R,0x10
R,0xdd3eec0
R,0xc
W,0xc,0x142
R,0xdd3eec8
W,0x10,0x9d80ee0
R,0x10
R,0x9d80ee0
R,0xc
W,0xc,0x143
R,0x9d80ee8
W,0x10,0x6d57960
R,0x10
R,0x6d57960
R,0xc
W,0xc,0x144
R,0x6d57968
W,0x10,0xcf1f3d0
R,0x10
R,0xcf1f3d0
R,0xc
W,0xc,0x145
R,0xcf1f3d8
W,0x10,0xd73fad0
R,0x10
R,0xd73fad0
R,0xc
W,0xc,0x146
R,0xd73fad8
W,0x10,0x23db0d0
R,0x10
R,0x23db0d0
R,0xc
W,0xc,0x147
R,0x23db0d8
W,0x10,0x8d5a580
R,0x10
R,0x8d5a580
R,0xc
W,0xc,0x148
R,0x8d5a588
W,0x10,0x2f37c80
R,0x10
R,0x2f37c80
R,0xc
W,0xc,0x149
R,0x2f37c88
W,0x10,0x8b93a30
R,0x10
R,0x8b93a30
R,0xc
W,0xc,0x14a
R,0x8b93a38
W,0x10,0x35d4c10
R,0x10
R,0x35d4c10
R,0xc
W,0xc,0x14b
R,0x35d4c18
W,0x10,0xc3b1da0
R,0x10
R,0xc3b1da0
R,0xc
W,0xc,0x14c
R,0xc3b1da8
W,0x10,0xf701340
R,0x10
R,0xf701340
R,0xc
W,0xc,0x14d
R,0xf701348
W,0x10,0xf7aa370
R,0x10
R,0xf7aa370
R,0xc
W,0xc,0x14e
R,0xf7aa378
W,0x10,0x67519a0
R,0x10
R,0x67519a0
R,0xc
W,0xc,0x14f
R,0x67519a8
W,0x10,0x61051d0
R,0x10
R,0x61051d0
R,0xc
W,0xc,0x150
R,0x61051d8
W,0x10,0x4625230
R,0x10
R,0x4625230
R,0xc
W,0xc,0x151
R,0x4625238
W,0x10,0x18040e0
R,0x10
R,0x18040e0
R,0xc
W,0xc,0x152
R,0x18040e8
W,0x10,0xd591730
R,0x10
R,0xd591730
R,0xc
W,0xc,0x153
R,0xd591738
W,0x10,0x51fb660
R,0x10
R,0x51fb660
R,0xc
W,0xc,0x154
R,0x51fb668
W,0x10,0x644c690
R,0x10
R,0x644c690
R,0xc
W,0xc,0x155
R,0x644c698
W,0x10,0xb2189a0
R,0x10
R,0xb2189a0
R,0xc
W,0xc,0x156
R,0xb2189a8
W,0x10,0xaeff860
R,0x10
R,0xaeff860
R,0xc
W,0xc,0x157
R,0xaeff868
W,0x10,0xb210ec0
R,0x10
R,0xb210ec0
R,0xc
W,0xc,0x158
R,0xb210ec8
W,0x10,0x630b7d0
R,0x10
R,0x630b7d0
R,0xc
W,0xc,0x159
R,0x630b7d8
W,0x10,0x3cf4ae0
R,0x10
R,0x3cf4ae0
R,0xc
W,0xc,0x15a
R,0x3cf4ae8
W,0x10,0x7214390
R,0x10
R,0x7214390
R,0xc
W,0xc,0x15b
R,0x7214398
W,0x10,0x56fa610
R,0x10
R,0x56fa610
R,0xc
W,0xc,0x15c
R,0x56fa618
W,0x10,0xcec65a0
R,0x10
R,0xcec65a0
R,0xc
W,0xc,0x15d
R,0xcec65a8
W,0x10,0x5539f20
R,0x10
R,0x5539f20
R,0xc
W,0xc,0x15e
R,0x5539f28
W,0x10,0xcc6cf30
R,0x10
R,0xcc6cf30
R,0xc
W,0xc,0x15f
R,0xcc6cf38
W,0x10,0x488f80
R,0x10
R,0x488f80
R,0xc
W,0xc,0x160
R,0x488f88
W,0x10,0x6ed0290
R,0x10
R,0x6ed0290
R,0xc
W,0xc,0x161
R,0x6ed0298
W,0x10,0x51b0270
R,0x10
R,0x51b0270
R,0xc
W,0xc,0x162
R,0x51b0278
W,0x10,0xfbb93c0
R,0x10
R,0xfbb93c0
R,0xc
W,0xc,0x163
R,0xfbb93c8
W,0x10,0x5a07180
R,0x10
R,0x5a07180
R,0xc
W,0xc,0x164
R,0x5a07188
W,0x10,0x3e01680
R,0x10
R,0x3e01680
R,0xc
W,0xc,0x165
R,0x3e01688
W,0x10,0x38908a0
R,0x10
R,0x38908a0
R,0xc
W,0xc,0x166
R,0x38908a8
W,0x10,0x78cbc20
R,0x10
R,0x78cbc20
R,0xc
W,0xc,0x167
R,0x78cbc28
W,0x10,0x14d3a90
R,0x10
R,0x14d3a90
R,0xc
W,0xc,0x168
R,0x14d3a98
W,0x10,0x60d6d50
R,0x10
R,0x60d6d50
R,0xc
W,0xc,0x169
R,0x60d6d58
W,0x10,0x2e688e0
R,0x10
R,0x2e688e0
R,0xc
W,0xc,0x16a
R,0x2e688e8
W,0x10,0xe388aa0
R,0x10
R,0xe388aa0
R,0xc
W,0xc,0x16b
R,0xe388aa8
W,0x10,0x9b7b590
R,0x10
R,0x9b7b590
R,0xc
W,0xc,0x16c
R,0x9b7b598
W,0x10,0x38e0b0
R,0x10
R,0x38e0b0
R,0xc
W,0xc,0x16d
R,0x38e0b8
W,0x10,0x35d5e40
R,0x10
R,0x35d5e40
R,0xc
W,0xc,0x16e
R,0x35d5e48
W,0x10,0x41f830
R,0x10
R,0x41f830
R,0xc
W,0xc,0x16f
R,0x41f838
W,0x10,0x7ad7d60
R,0x10
R,0x7ad7d60
R,0xc
W,0xc,0x170
R,0x7ad7d68
W,0x10,0xf821e80
R,0x10
R,0xf821e80
R,0xc
W,0xc,0x171
R,0xf821e88
W,0x10,0x6f790b0
R,0x10
R,0x6f790b0
R,0xc
W,0xc,0x172
R,0x6f790b8
W,0x10,0x3fba230
R,0x10
R,0x3fba230
R,0xc
W,0xc,0x173
R,0x3fba238
W,0x10,0x85cf590
R,0x10
R,0x85cf590
R,0xc
W,0xc,0x174
R,0x85cf598
W,0x10,0x12ce3e0
R,0x10
R,0x12ce3e0
R,0xc
W,0xc,0x175
R,0x12ce3e8
W,0x10,0x453ce40
R,0x10
R,0x453ce40
R,0xc
W,0xc,0x176
R,0x453ce48
W,0x10,0x31e0720
R,0x10
R,0x31e0720
R,0xc
W,0xc,0x177
R,0x31e0728
W,0x10,0x1b2b020
R,0x10
R,0x1b2b020
R,0xc
W,0xc,0x178
R,0x1b2b028
W,0x10,0xb1159e0
R,0x10
R,0xb1159e0
R,0xc
W,0xc,0x179
R,0xb1159e8
W,0x10,0x3d2b6e0
R,0x10
R,0x3d2b6e0
R,0xc
W,0xc,0x17a
R,0x3d2b6e8
W,0x10,0xe759d20
R,0x10
R,0xe759d20
R,0xc
W,0xc,0x17b
R,0xe759d28
W,0x10,0x95f1120
R,0x10
R,0x95f1120
R,0xc
W,0xc,0x17c
R,0x95f1128
W,0x10,0xb7a7980
R,0x10
R,0xb7a7980
R,0xc
W,0xc,0x17d
R,0xb7a7988
W,0x10,0xf675fd0
R,0x10
R,0xf675fd0
R,0xc
W,0xc,0x17e
R,0xf675fd8
W,0x10,0xb839870
R,0x10
R,0xb839870
R,0xc
W,0xc,0x17f
R,0xb839878
W,0x10,0x3521620
R,0x10
R,0x3521620
R,0xc
W,0xc,0x180
R,0x3521628
W,0x10,0x7ddb4c0
R,0x10
R,0x7ddb4c0
R,0xc
W,0xc,0x181
R,0x7ddb4c8
W,0x10,0x8df11e0
R,0x10
R,0x8df11e0
R,0xc
W,0xc,0x182
R,0x8df11e8
W,0x10,0xb51e900
R,0x10
R,0xb51e900
R,0xc
W,0xc,0x183
R,0xb51e908
W,0x10,0x45c9370
R,0x10
R,0x45c9370
R,0xc
W,0xc,0x184
R,0x45c9378
W,0x10,0x4df47d0
R,0x10
R,0x4df47d0
R,0xc
W,0xc,0x185
R,0x4df47d8
W,0x10,0xaf1b550
R,0x10
R,0xaf1b550
R,0xc
W,0xc,0x186
R,0xaf1b558
W,0x10,0xc198790
R,0x10
R,0xc198790
R,0xc
W,0xc,0x187
R,0xc198798
W,0x10,0x1e5580
R,0x10
R,0x1e5580
R,0xc
W,0xc,0x188
R,0x1e5588
W,0x10,0x3d238c0
R,0x10
R,0x3d238c0
R,0xc
W,0xc,0x189
R,0x3d238c8
W,0x10,0xde1ddc0
R,0x10
R,0xde1ddc0
R,0xc
W,0xc,0x18a
R,0xde1ddc8
W,0x10,0x98092f0
R,0x10
R,0x98092f0
R,0xc
W,0xc,0x18b
R,0x98092f8
W,0x10,0xc49f270
R,0x10
R,0xc49f270
R,0xc
W,0xc,0x18c
R,0xc49f278
W,0x10,0x26fc3b0
R,0x10
R,0x26fc3b0
R,0xc
W,0xc,0x18d
R,0x26fc3b8
W,0x10,0xb667ef0
R,0x10
R,0xb667ef0
R,0xc
W,0xc,0x18e
R,0xb667ef8
W,0x10,0x6b0f3f0
R,0x10
R,0x6b0f3f0
R,0xc
W,0xc,0x18f
R,0x6b0f3f8
W,0x10,0xe132ed0
R,0x10
R,0xe132ed0
R,0xc
W,0xc,0x190
R,0xe132ed8
W,0x10,0x2948fa0
R,0x10
R,0x2948fa0
R,0xc
W,0xc,0x191
R,0x2948fa8
W,0x10,0xfb181b0
R,0x10
R,0xfb181b0
R,0xc
W,0xc,0x192
R,0xfb181b8
W,0x10,0xa0450b0
R,0x10
R,0xa0450b0
R,0xc
W,0xc,0x193
R,0xa0450b8
W,0x10,0xf7f3790
R,0x10
R,0xf7f3790
R,0xc
W,0xc,0x194
R,0xf7f3798
W,0x10,0x1e70e20
R,0x10
R,0x1e70e20
R,0xc
W,0xc,0x195
R,0x1e70e28
W,0x10,0xe00a450
R,0x10
R,0xe00a450
R,0xc
W,0xc,0x196
R,0xe00a458
W,0x10,0x8481730
R,0x10
R,0x8481730
R,0xc
W,0xc,0x197
R,0x8481738
W,0x10,0xd8e5570
R,0x10
R,0xd8e5570
R,0xc
W,0xc,0x198
R,0xd8e5578
W,0x10,0x5c31c40
R,0x10
R,0x5c31c40
R,0xc
W,0xc,0x199
R,0x5c31c48
W,0x10,0x46dd860
R,0x10
R,0x46dd860
R,0xc
W,0xc,0x19a
R,0x46dd868
W,0x10,0x762a000
R,0x10
R,0x762a000
R,0xc
W,0xc,0x19b
R,0x762a008
W,0x10,0xe70730
R,0x10
R,0xe70730
R,0xc
W,0xc,0x19c
R,0xe70738
W,0x10,0xa8c18b0
R,0x10
R,0xa8c18b0
R,0xc
W,0xc,0x19d
R,0xa8c18b8
W,0x10,0xbc8eb0
R,0x10
R,0xbc8eb0
R,0xc
W,0xc,0x19e
R,0xbc8eb8
W,0x10,0xaf9f6d0
R,0x10
R,0xaf9f6d0
R,0xc
W,0xc,0x19f
R,0xaf9f6d8
W,0x10,0xa9a4e50
R,0x10
R,0xa9a4e50
R,0xc
W,0xc,0x1a0
R,0xa9a4e58
W,0x10,0x958ed30
R,0x10
R,0x958ed30
R,0xc
W,0xc,0x1a1
R,0x958ed38
W,0x10,0x7c688b0
R,0x10
R,0x7c688b0
R,0xc
W,0xc,0x1a2
R,0x7c688b8
W,0x10,0x6b36d60
R,0x10
R,0x6b36d60
R,0xc
W,0xc,0x1a3
R,0x6b36d68
W,0x10,0x8c2af50
R,0x10
R,0x8c2af50
R,0xc
W,0xc,0x1a4
R,0x8c2af58
W,0x10,0xcd64230
R,0x10
R,0xcd64230
R,0xc
W,0xc,0x1a5
R,0xcd64238
W,0x10,0x8542470
R,0x10
R,0x8542470
R,0xc
W,0xc,0x1a6
R,0x8542478
W,0x10,0xcedcc90
R,0x10
R,0xcedcc90
R,0xc
W,0xc,0x1a7
R,0xcedcc98
W,0x10,0x968a0d0
R,0x10
R,0x968a0d0
R,0xc
W,0xc,0x1a8
R,0x968a0d8
W,0x10,0x734d650
R,0x10
R,0x734d650
R,0xc
W,0xc,0x1a9
R,0x734d658
W,0x10,0xbceaa0
R,0x10
R,0xbceaa0
R,0xc
W,0xc,0x1aa
R,0xbceaa8
W,0x10,0xb007320
R,0x10
R,0xb007320
R,0xc
W,0xc,0x1ab
R,0xb007328
W,0x10,0xa2d4700
R,0x10
R,0xa2d4700
R,0xc
W,0xc,0x1ac
R,0xa2d4708
W,0x10,0x45eb1f0
R,0x10
R,0x45eb1f0
R,0xc
W,0xc,0x1ad
R,0x45eb1f8
W,0x10,0x37e1250
R,0x10
R,0x37e1250
R,0xc
W,0xc,0x1ae
R,0x37e1258
W,0x10,0xf455e60
R,0x10
R,0xf455e60
R,0xc
W,0xc,0x1af
R,0xf455e68
W,0x10,0xe53e4c0
R,0x10
R,0xe53e4c0
R,0xc
W,0xc,0x1b0
R,0xe53e4c8
W,0x10,0x32214a0
R,0x10
R,0x32214a0
R,0xc
W,0xc,0x1b1
R,0x32214a8
W,0x10,0x1558620
R,0x10
R,0x1558620
R,0xc
W,0xc,0x1b2
R,0x1558628
W,0x10,0xa354b0
R,0x10
R,0xa354b0
R,0xc
W,0xc,0x1b3
R,0xa354b8
W,0x10,0x6f30030
R,0x10
R,0x6f30030
R,0xc
W,0xc,0x1b4
R,0x6f30038
W,0x10,0xc0d51c0
R,0x10
R,0xc0d51c0
R,0xc
W,0xc,0x1b5
R,0xc0d51c8
W,0x10,0xf7ab070
R,0x10
R,0xf7ab070
R,0xc
W,0xc,0x1b6
R,0xf7ab078
W,0x10,0xa2f5520
R,0x10
R,0xa2f5520
R,0xc
W,0xc,0x1b7
R,0xa2f5528
W,0x10,0xb29cb40
R,0x10
R,0xb29cb40
R,0xc
W,0xc,0x1b8
R,0xb29cb48
W,0x10,0x22a2430
R,0x10
R,0x22a2430
R,0xc
W,0xc,0x1b9
R,0x22a2438
W,0x10,0x7b44cd0
R,0x10
R,0x7b44cd0
R,0xc
W,0xc,0x1ba
R,0x7b44cd8
W,0x10,0xd224220
R,0x10
R,0xd224220
R,0xc
W,0xc,0x1bb
R,0xd224228
W,0x10,0xb7de0d0
R,0x10
R,0xb7de0d0
R,0xc
W,0xc,0x1bc
R,0xb7de0d8
W,0x10,0xf9f93f0
R,0x10
R,0xf9f93f0
R,0xc
W,0xc,0x1bd
R,0xf9f93f8
W,0x10,0x14fe480
R,0x10
R,0x14fe480
R,0xc
W,0xc,0x1be
R,0x14fe488
W,0x10,0xb0b5760
R,0x10
R,0xb0b5760
R,0xc
W,0xc,0x1bf
R,0xb0b5768
W,0x10,0x3659070
R,0x10
R,0x3659070
R,0xc
W,0xc,0x1c0
R,0x3659078
W,0x10,0xd9f5310
R,0x10
R,0xd9f5310
R,0xc
W,0xc,0x1c1
R,0xd9f5318
W,0x10,0xf950730
R,0x10
R,0xf950730
R,0xc
W,0xc,0x1c2
R,0xf950738
W,0x10,0xfd254b0
R,0x10
R,0xfd254b0
R,0xc
W,0xc,0x1c3
R,0xfd254b8
W,0x10,0x401a7b0
R,0x10
R,0x401a7b0
R,0xc
W,0xc,0x1c4
R,0x401a7b8
W,0x10,0x95b840
R,0x10
R,0x95b840
R,0xc
W,0xc,0x1c5
R,0x95b848
W,0x10,0x31cec20
R,0x10
R,0x31cec20
R,0xc
W,0xc,0x1c6
R,0x31cec28
W,0x10,0x40f9520
R,0x10
R,0x40f9520
R,0xc
W,0xc,0x1c7
R,0x40f9528
W,0x10,0x2ca5990
R,0x10
R,0x2ca5990
R,0xc
W,0xc,0x1c8
R,0x2ca5998
W,0x10,0xc4c6ee0
R,0x10
R,0xc4c6ee0
R,0xc
W,0xc,0x1c9
R,0xc4c6ee8
W,0x10,0xfeaae10
R,0x10
R,0xfeaae10
R,0xc
W,0xc,0x1ca
R,0xfeaae18
W,0x10,0xe55770
R,0x10
R,0xe55770
R,0xc
W,0xc,0x1cb
R,0xe55778
W,0x10,0xecc4780
R,0x10
R,0xecc4780
R,0xc
W,0xc,0x1cc
R,0xecc4788
W,0x10,0xb08d8c0
R,0x10
R,0xb08d8c0
R,0xc
W,0xc,0x1cd
R,0xb08d8c8
W,0x10,0x5632da0
R,0x10
R,0x5632da0
R,0xc
W,0xc,0x1ce
R,0x5632da8
W,0x10,0x1105590
R,0x10
R,0x1105590
R,0xc
W,0xc,0x1cf
R,0x1105598
W,0x10,0x16b04e0
R,0x10
R,0x16b04e0
R,0xc
W,0xc,0x1d0
R,0x16b04e8
W,0x10,0xed6d2e0
R,0x10
R,0xed6d2e0
R,0xc
W,0xc,0x1d1
R,0xed6d2e8
W,0x10,0xc5fdc30
R,0x10
R,0xc5fdc30
R,0xc
W,0xc,0x1d2
R,0xc5fdc38
W,0x10,0xdeadc00
R,0x10
R,0xdeadc00
R,0xc
W,0xc,0x1d3
R,0xdeadc08
W,0x10,0x7b36180
R,0x10
R,0x7b36180
R,0xc
W,0xc,0x1d4
R,0x7b36188
W,0x10,0xd704ba0
R,0x10
R,0xd704ba0
R,0xc
W,0xc,0x1d5
R,0xd704ba8
W,0x10,0x85a1930
R,0x10
R,0x85a1930
R,0xc
W,0xc,0x1d6
R,0x85a1938
W,0x10,0xed94e80
R,0x10
R,0xed94e80
R,0xc
W,0xc,0x1d7
R,0xed94e88
W,0x10,0x30ade80
R,0x10
R,0x30ade80
R,0xc
W,0xc,0x1d8
R,0x30ade88
W,0x10,0x1c86e80
R,0x10
R,0x1c86e80
R,0xc
W,0xc,0x1d9
R,0x1c86e88
W,0x10,0x8efbcf0
R,0x10
R,0x8efbcf0
R,0xc
W,0xc,0x1da
R,0x8efbcf8
W,0x10,0x56afbe0
R,0x10
R,0x56afbe0
R,0xc
W,0xc,0x1db
R,0x56afbe8
W,0x10,0x4ac68d0
R,0x10
R,0x4ac68d0
R,0xc
W,0xc,0x1dc
R,0x4ac68d8
W,0x10,0x2b49080
R,0x10
R,0x2b49080
R,0xc
W,0xc,0x1dd
R,0x2b49088
W,0x10,0xfc855f0
R,0x10
R,0xfc855f0
R,0xc
W,0xc,0x1de
R,0xfc855f8
W,0x10,0x6113d90
R,0x10
R,0x6113d90
R,0xc
W,0xc,0x1df
R,0x6113d98
W,0x10,0x3f43d20
R,0x10
R,0x3f43d20
R,0xc
W,0xc,0x1e0
R,0x3f43d28
W,0x10,0xcc163f0
R,0x10
R,0xcc163f0
R,0xc
W,0xc,0x1e1
R,0xcc163f8
W,0x10,0xa1b75b0
R,0x10
R,0xa1b75b0
R,0xc
W,0xc,0x1e2
R,0xa1b75b8
W,0x10,0x58ce630
R,0x10
R,0x58ce630
R,0xc
W,0xc,0x1e3
R,0x58ce638
W,0x10,0x7479fb0
R,0x10
R,0x7479fb0
R,0xc
W,0xc,0x1e4
R,0x7479fb8
W,0x10,0x8085270
R,0x10
R,0x8085270
R,0xc
W,0xc,0x1e5
R,0x8085278
W,0x10,0x3626e30
R,0x10
R,0x3626e30
R,0xc
W,0xc,0x1e6
R,0x3626e38
W,0x10,0x36ffa90
R,0x10
R,0x36ffa90
R,0xc
W,0xc,0x1e7
R,0x36ffa98
W,0x10,0xbaf5980
R,0x10
R,0xbaf5980
R,0xc
W,0xc,0x1e8
R,0xbaf5988
W,0x10,0xa0115e0
R,0x10
R,0xa0115e0
R,0xc
W,0xc,0x1e9
R,0xa0115e8
W,0x10,0x9ce6ce0
R,0x10
R,0x9ce6ce0
R,0xc
W,0xc,0x1ea
R,0x9ce6ce8
W,0x10,0x3717880
R,0x10
R,0x3717880
R,0xc
W,0xc,0x1eb
R,0x3717888
W,0x10,0x24463f0
R,0x10
R,0x24463f0
R,0xc
W,0xc,0x1ec
R,0x24463f8
W,0x10,0x6633890
R,0x10
R,0x6633890
R,0xc
W,0xc,0x1ed
R,0x6633898
W,0x10,0x1b397d0
R,0x10
R,0x1b397d0
R,0xc
W,0xc,0x1ee
R,0x1b397d8
W,0x10,0x48c3450
R,0x10
R,0x48c3450
R,0xc
W,0xc,0x1ef
R,0x48c3458
W,0x10,0x7067c60
R,0x10
R,0x7067c60
R,0xc
W,0xc,0x1f0
R,0x7067c68
W,0x10,0xe31e980
R,0x10
R,0xe31e980
R,0xc
W,0xc,0x1f1
R,0xe31e988
W,0x10,0xc6f77a0
R,0x10
R,0xc6f77a0
R,0xc
W,0xc,0x1f2
R,0xc6f77a8
W,0x10,0xe4f5550
R,0x10
R,0xe4f5550
R,0xc
W,0xc,0x1f3
R,0xe4f5558
W,0x10,0xde19650
R,0x10
R,0xde19650
R,0xc
W,0xc,0x1f4
R,0xde19658
W,0x10,0x96e9b60
R,0x10
R,0x96e9b60
R,0xc
W,0xc,0x1f5
R,0x96e9b68
W,0x10,0xb1d4750
R,0x10
R,0xb1d4750
R,0xc
W,0xc,0x1f6
R,0xb1d4758
W,0x10,0x9094cb0
R,0x10
R,0x9094cb0
R,0xc
W,0xc,0x1f7
R,0x9094cb8
W,0x10,0xae53c40
R,0x10
R,0xae53c40
R,0xc
W,0xc,0x1f8
R,0xae53c48
W,0x10,0xbe9b680
R,0x10
R,0xbe9b680
R,0xc
W,0xc,0x1f9
R,0xbe9b688
W,0x10,0xe846290
R,0x10
R,0xe846290
R,0xc
W,0xc,0x1fa
R,0xe846298
W,0x10,0xe81fe40
R,0x10
R,0xe81fe40
R,0xc
W,0xc,0x1fb
R,0xe81fe48
W,0x10,0xee989d0
R,0x10
R,0xee989d0
R,0xc
W,0xc,0x1fc
R,0xee989d8
W,0x10,0x40b1910
R,0x10
R,0x40b1910
R,0xc
W,0xc,0x1fd
R,0x40b1918
W,0x10,0xb1196e0
R,0x10
R,0xb1196e0
R,0xc
W,0xc,0x1fe
R,0xb1196e8
W,0x10,0xd9f73f0
R,0x10
R,0xd9f73f0
R,0xc
W,0xc,0x1ff
R,0xd9f73f8
W,0x10,0x7bd1450
R,0x10
R,0x7bd1450
R,0xc
W,0xc,0x200
R,0x7bd1458
W,0x10,0xd93d790
R,0x10
R,0xd93d790
R,0xc
W,0xc,0x201
R,0xd93d798
W,0x10,0x39b70c0
R,0x10
R,0x39b70c0
R,0xc
W,0xc,0x202
R,0x39b70c8
W,0x10,0xe7bd260
R,0x10
R,0xe7bd260
R,0xc
W,0xc,0x203
R,0xe7bd268
W,0x10,0x6ff94b0
R,0x10
R,0x6ff94b0
R,0xc
W,0xc,0x204
R,0x6ff94b8
W,0x10,0x45ea3c0
R,0x10
R,0x45ea3c0
R,0xc
W,0xc,0x205
R,0x45ea3c8
W,0x10,0x9487b10
R,0x10
R,0x9487b10
R,0xc
W,0xc,0x206
R,0x9487b18
W,0x10,0x78e36c0
R,0x10
R,0x78e36c0
R,0xc
W,0xc,0x207
R,0x78e36c8
W,0x10,0xac4b880
R,0x10
R,0xac4b880
R,0xc
W,0xc,0x208
R,0xac4b888
W,0x10,0xa8366a0
R,0x10
R,0xa8366a0
R,0xc
W,0xc,0x209
R,0xa8366a8
W,0x10,0x7591ed0
R,0x10
R,0x7591ed0
R,0xc
W,0xc,0x20a
R,0x7591ed8
W,0x10,0xc2c9510
R,0x10
R,0xc2c9510
R,0xc
W,0xc,0x20b
R,0xc2c9518
W,0x10,0xe846460
R,0x10
R,0xe846460
R,0xc
W,0xc,0x20c
R,0xe846468
W,0x10,0xd2c7fb0
R,0x10
R,0xd2c7fb0
R,0xc
W,0xc,0x20d
R,0xd2c7fb8
W,0x10,0x6f7720
R,0x10
R,0x6f7720
R,0xc
W,0xc,0x20e
R,0x6f7728
W,0x10,0xa50a310
R,0x10
R,0xa50a310
R,0xc
W,0xc,0x20f
R,0xa50a318
W,0x10,0x7c8cb60
R,0x10
R,0x7c8cb60
R,0xc
W,0xc,0x210
R,0x7c8cb68
W,0x10,0x50e8e20
R,0x10
R,0x50e8e20
R,0xc
W,0xc,0x211
R,0x50e8e28
W,0x10,0xd28c950
R,0x10
R,0xd28c950
R,0xc
W,0xc,0x212
R,0xd28c958
W,0x10,0xe59b120
R,0x10
R,0xe59b120
R,0xc
W,0xc,0x213
R,0xe59b128
W,0x10,0x3688750
R,0x10
R,0x3688750
R,0xc
W,0xc,0x214
R,0x3688758
W,0x10,0x634fd30
R,0x10
R,0x634fd30
R,0xc
W,0xc,0x215
R,0x634fd38
W,0x10,0x17d3240
R,0x10
R,0x17d3240
R,0xc
W,0xc,0x216
R,0x17d3248
W,0x10,0x916af0
R,0x10
R,0x916af0
R,0xc
W,0xc,0x217
R,0x916af8
W,0x10,0x4ac9880
R,0x10
R,0x4ac9880
R,0xc
W,0xc,0x218
R,0x4ac9888
W,0x10,0x836d8c0
R,0x10
R,0x836d8c0
R,0xc
W,0xc,0x219
R,0x836d8c8
W,0x10,0xdecbe10
R,0x10
R,0xdecbe10
R,0xc
W,0xc,0x21a
R,0xdecbe18
W,0x10,0x2acdf10
R,0x10
R,0x2acdf10
R,0xc
W,0xc,0x21b
R,0x2acdf18
W,0x10,0xe1f4db0
R,0x10
R,0xe1f4db0
R,0xc
W,0xc,0x21c
R,0xe1f4db8
W,0x10,0x77d8fb0
R,0x10
R,0x77d8fb0
R,0xc
W,0xc,0x21d
R,0x77d8fb8
W,0x10,0x8b49130
R,0x10
R,0x8b49130
R,0xc
W,0xc,0x21e
R,0x8b49138
W,0x10,0x186a3e0
R,0x10
R,0x186a3e0
R,0xc
W,0xc,0x21f
R,0x186a3e8
W,0x10,0xdba4cb0
R,0x10
R,0xdba4cb0
R,0xc
W,0xc,0x220
R,0xdba4cb8
W,0x10,0x688cb10
R,0x10
R,0x688cb10
R,0xc
W,0xc,0x221
R,0x688cb18
W,0x10,0x648cc20
R,0x10
R,0x648cc20
R,0xc
W,0xc,0x222
R,0x648cc28
W,0x10,0x49e6670
R,0x10
R,0x49e6670
R,0xc
W,0xc,0x223
R,0x49e6678
W,0x10,0xd8d8d70
R,0x10
R,0xd8d8d70
R,0xc
W,0xc,0x224
R,0xd8d8d78
W,0x10,0xd7fbd60
R,0x10
R,0xd7fbd60
R,0xc
W,0xc,0x225
R,0xd7fbd68
W,0x10,0xb6f1830
R,0x10
R,0xb6f1830
R,0xc
W,0xc,0x226
R,0xb6f1838
W,0x10,0x9e334d0
R,0x10
R,0x9e334d0
R,0xc
W,0xc,0x227
R,0x9e334d8
W,0x10,0x1e255c0
R,0x10
R,0x1e255c0
R,0xc
W,0xc,0x228
R,0x1e255c8
W,0x10,0x76286f0
R,0x10
R,0x76286f0
R,0xc
W,0xc,0x229
R,0x76286f8
W,0x10,0x66bf10
R,0x10
R,0x66bf10
R,0xc
W,0xc,0x22a
R,0x66bf18
W,0x10,0xe7a32c0
R,0x10
R,0xe7a32c0
R,0xc
W,0xc,0x22b
R,0xe7a32c8
W,0x10,0x40a7e30
R,0x10
R,0x40a7e30
R,0xc
W,0xc,0x22c
R,0x40a7e38
W,0x10,0x5a78dc0
R,0x10
R,0x5a78dc0
R,0xc
W,0xc,0x22d
R,0x5a78dc8
W,0x10,0x4f4c770
R,0x10
R,0x4f4c770
R,0xc
W,0xc,0x22e
R,0x4f4c778
W,0x10,0xe77abd0
R,0x10
R,0xe77abd0
R,0xc
W,0xc,0x22f
R,0xe77abd8
W,0x10,0x95b51a0
R,0x10
R,0x95b51a0
R,0xc
W,0xc,0x230
R,0x95b51a8
W,0x10,0x603f560
R,0x10
R,0x603f560
R,0xc
W,0xc,0x231
R,0x603f568
W,0x10,0x77a7a00
R,0x10
R,0x77a7a00
R,0xc
W,0xc,0x232
R,0x77a7a08
W,0x10,0x6aa5420
R,0x10
R,0x6aa5420
R,0xc
W,0xc,0x233
R,0x6aa5428
W,0x10,0x9f4a750
R,0x10
R,0x9f4a750
R,0xc
W,0xc,0x234
R,0x9f4a758
W,0x10,0xe1b42e0
R,0x10
R,0xe1b42e0
R,0xc
W,0xc,0x235
R,0xe1b42e8
W,0x10,0x1d06940
R,0x10
R,0x1d06940
R,0xc
W,0xc,0x236
R,0x1d06948
W,0x10,0x5cf3770
R,0x10
R,0x5cf3770
R,0xc
W,0xc,0x237
R,0x5cf3778
W,0x10,0x6a0e3e0
R,0x10
R,0x6a0e3e0
R,0xc
W,0xc,0x238
R,0x6a0e3e8
W,0x10,0x7e65910
R,0x10
R,0x7e65910
R,0xc
W,0xc,0x239
R,0x7e65918
W,0x10,0x6239060
R,0x10
R,0x6239060
R,0xc
W,0xc,0x23a
R,0x6239068
W,0x10,0x2ff5cc0
R,0x10
R,0x2ff5cc0
R,0xc
W,0xc,0x23b
R,0x2ff5cc8
W,0x10,0x1655fc0
R,0x10
R,0x1655fc0
R,0xc
W,0xc,0x23c
R,0x1655fc8
W,0x10,0x55424d0
R,0x10
R,0x55424d0
R,0xc
W,0xc,0x23d
R,0x55424d8
W,0x10,0x87b2c90
R,0x10
R,0x87b2c90
R,0xc
W,0xc,0x23e
R,0x87b2c98
W,0x10,0x4864030
R,0x10
R,0x4864030
R,0xc
W,0xc,0x23f
R,0x4864038
W,0x10,0xb8ddc80
R,0x10
R,0xb8ddc80
R,0xc
W,0xc,0x240
R,0xb8ddc88
W,0x10,0x4836550
R,0x10
R,0x4836550
R,0xc
W,0xc,0x241
R,0x4836558
W,0x10,0x5ff7220
R,0x10
R,0x5ff7220
R,0xc
W,0xc,0x242
R,0x5ff7228
W,0x10,0xd13a1a0
R,0x10
R,0xd13a1a0
R,0xc
W,0xc,0x243
R,0xd13a1a8
W,0x10,0x439ad50
R,0x10
R,0x439ad50
R,0xc
W,0xc,0x244
R,0x439ad58
W,0x10,0x2679c90
R,0x10
R,0x2679c90
R,0xc
W,0xc,0x245
R,0x2679c98
W,0x10,0xf57c090
R,0x10
R,0xf57c090
R,0xc
W,0xc,0x246
R,0xf57c098
W,0x10,0x1d101e0
R,0x10
R,0x1d101e0
R,0xc
W,0xc,0x247
R,0x1d101e8
W,0x10,0xef2e9a0
R,0x10
R,0xef2e9a0
R,0xc
W,0xc,0x248
R,0xef2e9a8
W,0x10,0xfbff0e0
R,0x10
R,0xfbff0e0
R,0xc
W,0xc,0x249
R,0xfbff0e8
W,0x10,0x7966700
R,0x10
R,0x7966700
R,0xc
W,0xc,0x24a
R,0x7966708
W,0x10,0xd6a2690
R,0x10
R,0xd6a2690
R,0xc
W,0xc,0x24b
R,0xd6a2698
W,0x10,0x4c06f50
R,0x10
R,0x4c06f50
R,0xc
W,0xc,0x24c
R,0x4c06f58
W,0x10,0x59c46f0
R,0x10
R,0x59c46f0
R,0xc
W,0xc,0x24d
R,0x59c46f8
W,0x10,0xc2229d0
R,0x10
R,0xc2229d0
R,0xc
W,0xc,0x24e
R,0xc2229d8
W,0x10,0xb843c10
R,0x10
R,0xb843c10
R,0xc
W,0xc,0x24f
R,0xb843c18
W,0x10,0x6a9a460
R,0x10
R,0x6a9a460
R,0xc
W,0xc,0x250
R,0x6a9a468
W,0x10,0xcbebaa0
R,0x10
R,0xcbebaa0
R,0xc
W,0xc,0x251
R,0xcbebaa8
W,0x10,0x9abc9e0
R,0x10
R,0x9abc9e0
R,0xc
W,0xc,0x252
R,0x9abc9e8
W,0x10,0x9f888b0
R,0x10
R,0x9f888b0
R,0xc
W,0xc,0x253
R,0x9f888b8
W,0x10,0x5a89dc0
R,0x10
R,0x5a89dc0
R,0xc
W,0xc,0x254
R,0x5a89dc8
W,0x10,0x4f3e4f0
R,0x10
R,0x4f3e4f0
R,0xc
W,0xc,0x255
R,0x4f3e4f8
W,0x10,0xf358260
R,0x10
R,0xf358260
R,0xc
W,0xc,0x256
R,0xf358268
W,0x10,0x1acafe0
R,0x10
R,0x1acafe0
R,0xc
W,0xc,0x257
R,0x1acafe8
W,0x10,0xaaafda0
R,0x10
R,0xaaafda0
R,0xc
W,0xc,0x258
R,0xaaafda8
W,0x10,0xe265860
R,0x10
R,0xe265860
R,0xc
W,0xc,0x259
R,0xe265868
W,0x10,0xe250fd0
R,0x10
R,0xe250fd0
R,0xc
W,0xc,0x25a
R,0xe250fd8
W,0x10,0x743eec0
R,0x10
R,0x743eec0
R,0xc
W,0xc,0x25b
R,0x743eec8
W,0x10,0x27cf820
R,0x10
R,0x27cf820
R,0xc
W,0xc,0x25c
R,0x27cf828
W,0x10,0x476e5a0
R,0x10
R,0x476e5a0
R,0xc
W,0xc,0x25d
R,0x476e5a8
W,0x10,0xa08bca0
R,0x10
R,0xa08bca0
R,0xc
W,0xc,0x25e
R,0xa08bca8
W,0x10,0x9d37a90
R,0x10
R,0x9d37a90
R,0xc
W,0xc,0x25f
R,0x9d37a98
W,0x10,0x27ce5e0
R,0x10
R,0x27ce5e0
R,0xc
W,0xc,0x260
R,0x27ce5e8
W,0x10,0x9fb9f00
R,0x10
R,0x9fb9f00
R,0xc
W,0xc,0x261
R,0x9fb9f08
W,0x10,0x1e86700
R,0x10
R,0x1e86700
R,0xc
W,0xc,0x262
R,0x1e86708
W,0x10,0xe6e990
R,0x10
R,0xe6e990
R,0xc
W,0xc,0x263
R,0xe6e998
W,0x10,0x1b8b530
R,0x10
R,0x1b8b530
R,0xc
W,0xc,0x264
R,0x1b8b538
W,0x10,0x511c960
R,0x10
R,0x511c960
R,0xc
W,0xc,0x265
R,0x511c968
W,0x10,0x2261af0
R,0x10
R,0x2261af0
R,0xc
W,0xc,0x266
R,0x2261af8
W,0x10,0x5905e50
R,0x10
R,0x5905e50
R,0xc
W,0xc,0x267
R,0x5905e58
W,0x10,0x39ead90
R,0x10
R,0x39ead90
R,0xc
W,0xc,0x268
R,0x39ead98
W,0x10,0x822c190
R,0x10
R,0x822c190
R,0xc
W,0xc,0x269
R,0x822c198
W,0x10,0x1606ac0
R,0x10
R,0x1606ac0
R,0xc
W,0xc,0x26a
R,0x1606ac8
W,0x10,0x988c110
R,0x10
R,0x988c110
R,0xc
W,0xc,0x26b
R,0x988c118
W,0x10,0xef4daf0
R,0x10
R,0xef4daf0
R,0xc
W,0xc,0x26c
R,0xef4daf8
W,0x10,0x3a796e0
R,0x10
R,0x3a796e0
R,0xc
W,0xc,0x26d
R,0x3a796e8
W,0x10,0x531020
R,0x10
R,0x531020
R,0xc
W,0xc,0x26e
R,0x531028
W,0x10,0xa557b60
R,0x10
R,0xa557b60
R,0xc
W,0xc,0x26f
R,0xa557b68
W,0x10,0x398a5f0
R,0x10
R,0x398a5f0
R,0xc
W,0xc,0x270
R,0x398a5f8
W,0x10,0xcde8060
R,0x10
R,0xcde8060
R,0xc
W,0xc,0x271
R,0xcde8068
W,0x10,0x3f4dca0
R,0x10
R,0x3f4dca0
R,0xc
W,0xc,0x272
R,0x3f4dca8
W,0x10,0x62aec20
R,0x10
R,0x62aec20
R,0xc
W,0xc,0x273
R,0x62aec28
W,0x10,0x34ec730
R,0x10
R,0x34ec730
R,0xc
W,0xc,0x274
R,0x34ec738
W,0x10,0x637ea00
R,0x10
R,0x637ea00
R,0xc
W,0xc,0x275
R,0x637ea08
W,0x10,0x36a9820
R,0x10
R,0x36a9820
R,0xc
W,0xc,0x276
R,0x36a9828
W,0x10,0xd2a8020
R,0x10
R,0xd2a8020
R,0xc
W,0xc,0x277
R,0xd2a8028
W,0x10,0xff9bec0
R,0x10
R,0xff9bec0
R,0xc
W,0xc,0x278
R,0xff9bec8
W,0x10,0x9d0c4a0
R,0x10
R,0x9d0c4a0
R,0xc
W,0xc,0x279
R,0x9d0c4a8
W,0x10,0xb6b4270
R,0x10
R,0xb6b4270
R,0xc
W,0xc,0x27a
R,0xb6b4278
W,0x10,0x1cfcdb0
R,0x10
R,0x1cfcdb0
R,0xc
W,0xc,0x27b
R,0x1cfcdb8
W,0x10,0xdd843b0
R,0x10
R,0xdd843b0
R,0xc
W,0xc,0x27c
R,0xdd843b8
W,0x10,0xd21a890
R,0x10
R,0xd21a890
R,0xc
W,0xc,0x27d
R,0xd21a898
W,0x10,0x790cc20
R,0x10
R,0x790cc20
R,0xc
W,0xc,0x27e
R,0x790cc28
W,0x10,0x756eb90
R,0x10
R,0x756eb90
R,0xc
W,0xc,0x27f
R,0x756eb98
W,0x10,0xe77c90
R,0x10
R,0xe77c90
R,0xc
W,0xc,0x280
R,0xe77c98
W,0x10,0x1fc0830
R,0x10
R,0x1fc0830
R,0xc
W,0xc,0x281
R,0x1fc0838
W,0x10,0xfb84380
R,0x10
R,0xfb84380
R,0xc
W,0xc,0x282
R,0xfb84388
W,0x10,0xfcbf6e0
R,0x10
R,0xfcbf6e0
R,0xc
W,0xc,0x283
R,0xfcbf6e8
W,0x10,0xdbe5f10
R,0x10
R,0xdbe5f10
R,0xc
W,0xc,0x284
R,0xdbe5f18
W,0x10,0x3b883e0
R,0x10
R,0x3b883e0
R,0xc
W,0xc,0x285
R,0x3b883e8
W,0x10,0x3764fd0
R,0x10
R,0x3764fd0
R,0xc
W,0xc,0x286
R,0x3764fd8
W,0x10,0xfb857c0
R,0x10
R,0xfb857c0
R,0xc
W,0xc,0x287
R,0xfb857c8
W,0x10,0xdce4cc0
R,0x10
R,0xdce4cc0
R,0xc
W,0xc,0x288
R,0xdce4cc8
W,0x10,0xe1ac6d0
R,0x10
R,0xe1ac6d0
R,0xc
W,0xc,0x289
R,0xe1ac6d8
W,0x10,0x46646c0
R,0x10
R,0x46646c0
R,0xc
W,0xc,0x28a
R,0x46646c8
W,0x10,0xe2795e0
R,0x10
R,0xe2795e0
R,0xc
W,0xc,0x28b
R,0xe2795e8
W,0x10,0x3c0b200
R,0x10
R,0x3c0b200
R,0xc
W,0xc,0x28c
R,0x3c0b208
W,0x10,0xd475160
R,0x10
R,0xd475160
R,0xc
W,0xc,0x28d
R,0xd475168
W,0x10,0xc2f82c0
R,0x10
R,0xc2f82c0
R,0xc
W,0xc,0x28e
R,0xc2f82c8
W,0x10,0x2517920
R,0x10
R,0x2517920
R,0xc
W,0xc,0x28f
R,0x2517928
W,0x10,0x2720430
R,0x10
R,0x2720430
R,0xc
W,0xc,0x290
R,0x2720438
W,0x10,0xe019a10
R,0x10
R,0xe019a10
R,0xc
W,0xc,0x291
R,0xe019a18
W,0x10,0xf282090
R,0x10
R,0xf282090
R,0xc
W,0xc,0x292
R,0xf282098
W,0x10,0x5c47e0
R,0x10
R,0x5c47e0
R,0xc
W,0xc,0x293
R,0x5c47e8
W,0x10,0xffddc30
R,0x10
R,0xffddc30
R,0xc
W,0xc,0x294
R,0xffddc38
W,0x10,0x4ae9f20
R,0x10
R,0x4ae9f20
R,0xc
W,0xc,0x295
R,0x4ae9f28
W,0x10,0xf8b7700
R,0x10
R,0xf8b7700
R,0xc
W,0xc,0x296
R,0xf8b7708
W,0x10,0x88d88d0
R,0x10
R,0x88d88d0
R,0xc
W,0xc,0x297
R,0x88d88d8
W,0x10,0x3241e70
R,0x10
R,0x3241e70
R,0xc
W,0xc,0x298
R,0x3241e78
W,0x10,0xe82e1d0
R,0x10
R,0xe82e1d0
R,0xc
W,0xc,0x299
R,0xe82e1d8
W,0x10,0x8eb92f0
R,0x10
R,0x8eb92f0
R,0xc
W,0xc,0x29a
R,0x8eb92f8
W,0x10,0x9b148a0
R,0x10
R,0x9b148a0
R,0xc
W,0xc,0x29b
R,0x9b148a8
W,0x10,0x97d44a0
R,0x10
R,0x97d44a0
R,0xc
W,0xc,0x29c
R,0x97d44a8
W,0x10,0xb27fde0
R,0x10
R,0xb27fde0
R,0xc
W,0xc,0x29d
R,0xb27fde8
W,0x10,0xf1c3480
R,0x10
R,0xf1c3480
R,0xc
W,0xc,0x29e
R,0xf1c3488
W,0x10,0x4821820
R,0x10
R,0x4821820
R,0xc
W,0xc,0x29f
R,0x4821828
W,0x10,0x7518d30
R,0x10
R,0x7518d30
R,0xc
W,0xc,0x2a0
R,0x7518d38
W,0x10,0xf0dd430
R,0x10
R,0xf0dd430
R,0xc
W,0xc,0x2a1
R,0xf0dd438
W,0x10,0xa69440
R,0x10
R,0xa69440
R,0xc
W,0xc,0x2a2
R,0xa69448
W,0x10,0x66ec480
R,0x10
R,0x66ec480
R,0xc
W,0xc,0x2a3
R,0x66ec488
W,0x10,0x843ffb0
R,0x10
R,0x843ffb0
R,0xc
W,0xc,0x2a4
R,0x843ffb8
W,0x10,0x9459d00
R,0x10
R,0x9459d00
R,0xc
W,0xc,0x2a5
R,0x9459d08
W,0x10,0x7d2cd40
R,0x10
R,0x7d2cd40
R,0xc
W,0xc,0x2a6
R,0x7d2cd48
W,0x10,0x4536a50
R,0x10
R,0x4536a50
R,0xc
W,0xc,0x2a7
R,0x4536a58
W,0x10,0x74bfcb0
R,0x10
R,0x74bfcb0
R,0xc
W,0xc,0x2a8
R,0x74bfcb8
W,0x10,0x417fcb0
R,0x10
R,0x417fcb0
R,0xc
W,0xc,0x2a9
R,0x417fcb8
W,0x10,0x989aa80
R,0x10
R,0x989aa80
R,0xc
W,0xc,0x2aa
R,0x989aa88
W,0x10,0x552fef0
R,0x10
R,0x552fef0
R,0xc
W,0xc,0x2ab
R,0x552fef8
W,0x10,0xbaa7660
R,0x10
R,0xbaa7660
R,0xc
W,0xc,0x2ac
R,0xbaa7668
W,0x10,0x3988a50
R,0x10
R,0x3988a50
R,0xc
W,0xc,0x2ad
R,0x3988a58
W,0x10,0xe5abaf0
R,0x10
R,0xe5abaf0
R,0xc
W,0xc,0x2ae
R,0xe5abaf8
W,0x10,0x4ef5190
R,0x10
R,0x4ef5190
R,0xc
W,0xc,0x2af
R,0x4ef5198
W,0x10,0x3658580
R,0x10
R,0x3658580
R,0xc
W,0xc,0x2b0
R,0x3658588
W,0x10,0xeef0880
R,0x10
R,0xeef0880
R,0xc
W,0xc,0x2b1
R,0xeef0888
W,0x10,0x5dfe9d0
R,0x10
R,0x5dfe9d0
R,0xc
W,0xc,0x2b2
R,0x5dfe9d8
W,0x10,0x11e73b0
R,0x10
R,0x11e73b0
R,0xc
W,0xc,0x2b3
R,0x11e73b8
W,0x10,0xbd14020
R,0x10
R,0xbd14020
R,0xc
W,0xc,0x2b4
R,0xbd14028
W,0x10,0x445c050
R,0x10
R,0x445c050
R,0xc
W,0xc,0x2b5
R,0x445c058
W,0x10,0xbf3c70
R,0x10
R,0xbf3c70
R,0xc
W,0xc,0x2b6
R,0xbf3c78
W,0x10,0x6857a10
R,0x10
R,0x6857a10
R,0xc
W,0xc,0x2b7
R,0x6857a18
W,0x10,0xadd2d20
R,0x10
R,0xadd2d20
R,0xc
W,0xc,0x2b8
R,0xadd2d28
W,0x10,0x5d4900
R,0x10
R,0x5d4900
R,0xc
W,0xc,0x2b9
R,0x5d4908
W,0x10,0xa360d10
R,0x10
R,0xa360d10
R,0xc
W,0xc,0x2ba
R,0xa360d18
W,0x10,0xf30d8d0
R,0x10
R,0xf30d8d0
R,0xc
W,0xc,0x2bb
R,0xf30d8d8
W,0x10,0xcdd9cf0
R,0x10
R,0xcdd9cf0
R,0xc
W,0xc,0x2bc
R,0xcdd9cf8
W,0x10,0x9045f30
R,0x10
R,0x9045f30
R,0xc
W,0xc,0x2bd
R,0x9045f38
W,0x10,0xe1f6320
R,0x10
R,0xe1f6320
R,0xc
W,0xc,0x2be
R,0xe1f6328
W,0x10,0xb00efd0
R,0x10
R,0xb00efd0
R,0xc
W,0xc,0x2bf
R,0xb00efd8
W,0x10,0x970cf60
R,0x10
R,0x970cf60
R,0xc
W,0xc,0x2c0
R,0x970cf68
W,0x10,0xf1d7f40
R,0x10
R,0xf1d7f40
R,0xc
W,0xc,0x2c1
R,0xf1d7f48
W,0x10,0x3469c70
R,0x10
R,0x3469c70
R,0xc
W,0xc,0x2c2
R,0x3469c78
W,0x10,0xef1db30
R,0x10
R,0xef1db30
R,0xc
W,0xc,0x2c3
R,0xef1db38
W,0x10,0x2a755e0
R,0x10
R,0x2a755e0
R,0xc
W,0xc,0x2c4
R,0x2a755e8
W,0x10,0x15662d0
R,0x10
R,0x15662d0
R,0xc
W,0xc,0x2c5
R,0x15662d8
W,0x10,0x6771660
R,0x10
R,0x6771660
R,0xc
W,0xc,0x2c6
R,0x6771668
W,0x10,0xb581fa0
R,0x10
R,0xb581fa0
R,0xc
W,0xc,0x2c7
R,0xb581fa8
W,0x10,0x8df08f0
R,0x10
R,0x8df08f0
R,0xc
W,0xc,0x2c8
R,0x8df08f8
W,0x10,0xf07cbb0
R,0x10
R,0xf07cbb0
R,0xc
W,0xc,0x2c9
R,0xf07cbb8
W,0x10,0xceec460
R,0x10
R,0xceec460
R,0xc
W,0xc,0x2ca
R,0xceec468
W,0x10,0x135c600
R,0x10
R,0x135c600
R,0xc
W,0xc,0x2cb
R,0x135c608
W,0x10,0x689fa30
R,0x10
R,0x689fa30
R,0xc
W,0xc,0x2cc
R,0x689fa38
W,0x10,0x517f760
R,0x10
R,0x517f760
R,0xc
W,0xc,0x2cd
R,0x517f768
W,0x10,0xa406f0
R,0x10
R,0xa406f0
R,0xc
W,0xc,0x2ce
R,0xa406f8
W,0x10,0xedd0810
R,0x10
R,0xedd0810
R,0xc
W,0xc,0x2cf
R,0xedd0818
W,0x10,0x75bb9f0
R,0x10
R,0x75bb9f0
R,0xc
W,0xc,0x2d0
R,0x75bb9f8
W,0x10,0xf63aa20
R,0x10
R,0xf63aa20
R,0xc
W,0xc,0x2d1
R,0xf63aa28
W,0x10,0xe86cdd0
R,0x10
R,0xe86cdd0
R,0xc
W,0xc,0x2d2
R,0xe86cdd8
W,0x10,0x6a51330
R,0x10
R,0x6a51330
R,0xc
W,0xc,0x2d3
R,0x6a51338
W,0x10,0xad146d0
R,0x10
R,0xad146d0
R,0xc
W,0xc,0x2d4
R,0xad146d8
W,0x10,0xb81cd90
R,0x10
R,0xb81cd90
R,0xc
W,0xc,0x2d5
R,0xb81cd98
W,0x10,0x2713b60
R,0x10
R,0x2713b60
R,0xc
W,0xc,0x2d6
R,0x2713b68
W,0x10,0xa488080
R,0x10
R,0xa488080
R,0xc
W,0xc,0x2d7
R,0xa488088
W,0x10,0xc0bb7b0
R,0x10
R,0xc0bb7b0
R,0xc
W,0xc,0x2d8
R,0xc0bb7b8
W,0x10,0x28976c0
R,0x10
R,0x28976c0
R,0xc
W,0xc,0x2d9
R,0x28976c8
W,0x10,0xdcd8690
R,0x10
R,0xdcd8690
R,0xc
W,0xc,0x2da
R,0xdcd8698
W,0x10,0x4dba2b0
R,0x10
R,0x4dba2b0
R,0xc
W,0xc,0x2db
R,0x4dba2b8
W,0x10,0xd4c84d0
R,0x10
R,0xd4c84d0
R,0xc
W,0xc,0x2dc
R,0xd4c84d8
W,0x10,0xc8a0f00
R,0x10
R,0xc8a0f00
R,0xc
W,0xc,0x2dd
R,0xc8a0f08
W,0x10,0xdca26f0
R,0x10
R,0xdca26f0
R,0xc
W,0xc,0x2de
R,0xdca26f8
W,0x10,0xcf6f930
R,0x10
R,0xcf6f930
R,0xc
W,0xc,0x2df
R,0xcf6f938
W,0x10,0xb5069e0
R,0x10
R,0xb5069e0
R,0xc
W,0xc,0x2e0
R,0xb5069e8
W,0x10,0x4246d80
R,0x10
R,0x4246d80
R,0xc
W,0xc,0x2e1
R,0x4246d88
W,0x10,0x3eea930
R,0x10
R,0x3eea930
R,0xc
W,0xc,0x2e2
R,0x3eea938
W,0x10,0x68ad260
R,0x10
R,0x68ad260
R,0xc
W,0xc,0x2e3
R,0x68ad268
W,0x10,0x9632d90
R,0x10
R,0x9632d90
R,0xc
W,0xc,0x2e4
R,0x9632d98
W,0x10,0xb828bf0
R,0x10
R,0xb828bf0
R,0xc
W,0xc,0x2e5
R,0xb828bf8
W,0x10,0xb2b8590
R,0x10
R,0xb2b8590
R,0xc
W,0xc,0x2e6
R,0xb2b8598
W,0x10,0x637bb70
R,0x10
R,0x637bb70
R,0xc
W,0xc,0x2e7
R,0x637bb78
W,0x10,0x2712710
R,0x10
R,0x2712710
R,0xc
W,0xc,0x2e8
R,0x2712718
W,0x10,0x9aa9750
R,0x10
R,0x9aa9750
R,0xc
W,0xc,0x2e9
R,0x9aa9758
W,0x10,0x26ec2d0
R,0x10
R,0x26ec2d0
R,0xc
W,0xc,0x2ea
R,0x26ec2d8
W,0x10,0x40840d0
R,0x10
R,0x40840d0
R,0xc
W,0xc,0x2eb
R,0x40840d8
W,0x10,0xf69f4f0
R,0x10
R,0xf69f4f0
R,0xc
W,0xc,0x2ec
R,0xf69f4f8
W,0x10,0xb907d00
R,0x10
R,0xb907d00
R,0xc
W,0xc,0x2ed
R,0xb907d08
W,0x10,0xfa66f50
R,0x10
R,0xfa66f50
R,0xc
W,0xc,0x2ee
R,0xfa66f58
W,0x10,0x57c0480
R,0x10
R,0x57c0480
R,0xc
W,0xc,0x2ef
R,0x57c0488
W,0x10,0x5529850
R,0x10
R,0x5529850
R,0xc
W,0xc,0x2f0
R,0x5529858
W,0x10,0xfd642e0
R,0x10
R,0xfd642e0
R,0xc
W,0xc,0x2f1
R,0xfd642e8
W,0x10,0xa956170
R,0x10
R,0xa956170
R,0xc
W,0xc,0x2f2
R,0xa956178
W,0x10,0x8eba010
R,0x10
R,0x8eba010
R,0xc
W,0xc,0x2f3
R,0x8eba018
W,0x10,0xbdabc20
R,0x10
R,0xbdabc20
R,0xc
W,0xc,0x2f4
R,0xbdabc28
W,0x10,0xf117f60
R,0x10
R,0xf117f60
R,0xc
W,0xc,0x2f5
R,0xf117f68
W,0x10,0x60a8180
R,0x10
R,0x60a8180
R,0xc
W,0xc,0x2f6
R,0x60a8188
W,0x10,0x36107c0
R,0x10
R,0x36107c0
R,0xc
W,0xc,0x2f7
R,0x36107c8
W,0x10,0x7b523a0
R,0x10
R,0x7b523a0
R,0xc
W,0xc,0x2f8
R,0x7b523a8
W,0x10,0x460c600
R,0x10
R,0x460c600
R,0xc
W,0xc,0x2f9
R,0x460c608
W,0x10,0xbaf7030
R,0x10
R,0xbaf7030
R,0xc
W,0xc,0x2fa
R,0xbaf7038
W,0x10,0x925db20
R,0x10
R,0x925db20
R,0xc
W,0xc,0x2fb
R,0x925db28
W,0x10,0x2a9b780
R,0x10
R,0x2a9b780
R,0xc
W,0xc,0x2fc
R,0x2a9b788
W,0x10,0xe9c89c0
R,0x10
R,0xe9c89c0
R,0xc
W,0xc,0x2fd
R,0xe9c89c8
W,0x10,0x88e7d50
R,0x10
R,0x88e7d50
R,0xc
W,0xc,0x2fe
R,0x88e7d58
W,0x10,0x7c7bee0
R,0x10
R,0x7c7bee0
R,0xc
W,0xc,0x2ff
R,0x7c7bee8
W,0x10,0xa37efe0
R,0x10
R,0xa37efe0
R,0xc
W,0xc,0x300
R,0xa37efe8
W,0x10,0x9154e80
R,0x10
R,0x9154e80
R,0xc
W,0xc,0x301
R,0x9154e88
W,0x10,0x26d5810
R,0x10
R,0x26d5810
R,0xc
W,0xc,0x302
R,0x26d5818
W,0x10,0x7e57310
R,0x10
R,0x7e57310
R,0xc
W,0xc,0x303
R,0x7e57318
W,0x10,0x15806d0
R,0x10
R,0x15806d0
R,0xc
W,0xc,0x304
R,0x15806d8
W,0x10,0x893b700
R,0x10
R,0x893b700
R,0xc
W,0xc,0x305
R,0x893b708
W,0x10,0x7919c60
R,0x10
R,0x7919c60
R,0xc
W,0xc,0x306
R,0x7919c68
W,0x10,0xc224410
R,0x10
R,0xc224410
R,0xc
W,0xc,0x307
R,0xc224418
W,0x10,0x7147600
R,0x10
R,0x7147600
R,0xc
W,0xc,0x308
R,0x7147608
W,0x10,0x840580
R,0x10
R,0x840580
R,0xc
W,0xc,0x309
R,0x840588
W,0x10,0xd712360
R,0x10
R,0xd712360
R,0xc
W,0xc,0x30a
R,0xd712368
W,0x10,0x5200690
R,0x10
R,0x5200690
R,0xc
W,0xc,0x30b
R,0x5200698
W,0x10,0xb5c1fd0
R,0x10
R,0xb5c1fd0
R,0xc
W,0xc,0x30c
R,0xb5c1fd8
W,0x10,0xf6d6100
R,0x10
R,0xf6d6100
R,0xc
W,0xc,0x30d
R,0xf6d6108
W,0x10,0xb49f340
R,0x10
R,0xb49f340
R,0xc
W,0xc,0x30e
R,0xb49f348
W,0x10,0x66b6fc0
R,0x10
R,0x66b6fc0
R,0xc
W,0xc,0x30f
R,0x66b6fc8
W,0x10,0xecf02a0
R,0x10
R,0xecf02a0
R,0xc
W,0xc,0x310
R,0xecf02a8
W,0x10,0xbfcb2d0
R,0x10
R,0xbfcb2d0
R,0xc
W,0xc,0x311
R,0xbfcb2d8
W,0x10,0x62cc3e0
R,0x10
R,0x62cc3e0
R,0xc
W,0xc,0x312
R,0x62cc3e8
W,0x10,0xd33aae0
R,0x10
R,0xd33aae0
R,0xc
W,0xc,0x313
R,0xd33aae8
W,0x10,0x83b5c50
R,0x10
R,0x83b5c50
R,0xc
W,0xc,0x314
R,0x83b5c58
W,0x10,0x26a3550
R,0x10
R,0x26a3550
R,0xc
W,0xc,0x315
R,0x26a3558
W,0x10,0x3d84d40
R,0x10
R,0x3d84d40
R,0xc
W,0xc,0x316
R,0x3d84d48
W,0x10,0x882d880
R,0x10
R,0x882d880
R,0xc
W,0xc,0x317
R,0x882d888
W,0x10,0xf789090
R,0x10
R,0xf789090
R,0xc
W,0xc,0x318
R,0xf789098
W,0x10,0x955c5e0
R,0x10
R,0x955c5e0
R,0xc
W,0xc,0x319
R,0x955c5e8
W,0x10,0x2bb180
R,0x10
R,0x2bb180
R,0xc
W,0xc,0x31a
R,0x2bb188
W,0x10,0xf87f940
R,0x10
R,0xf87f940
R,0xc
W,0xc,0x31b
R,0xf87f948
W,0x10,0xfb815e0
R,0x10
R,0xfb815e0
R,0xc
W,0xc,0x31c
R,0xfb815e8
W,0x10,0x8a86880
R,0x10
R,0x8a86880
R,0xc
W,0xc,0x31d
R,0x8a86888
W,0x10,0xd1443e0
R,0x10
R,0xd1443e0
R,0xc
W,0xc,0x31e
R,0xd1443e8
W,0x10,0x3345e20
R,0x10
R,0x3345e20
R,0xc
W,0xc,0x31f
R,0x3345e28
W,0x10,0x3ad9ae0
R,0x10
R,0x3ad9ae0
R,0xc
W,0xc,0x320
R,0x3ad9ae8
W,0x10,0x528bb70
R,0x10
R,0x528bb70
R,0xc
W,0xc,0x321
R,0x528bb78
W,0x10,0x82c79c0
R,0x10
R,0x82c79c0
R,0xc
W,0xc,0x322
R,0x82c79c8
W,0x10,0xbfa6f20
R,0x10
R,0xbfa6f20
R,0xc
W,0xc,0x323
R,0xbfa6f28
W,0x10,0x2a1ec70
R,0x10
R,0x2a1ec70
R,0xc
W,0xc,0x324
R,0x2a1ec78
W,0x10,0xff4d1d0
R,0x10
R,0xff4d1d0
R,0xc
W,0xc,0x325
R,0xff4d1d8
W,0x10,0xbdd3b30
R,0x10
R,0xbdd3b30
R,0xc
W,0xc,0x326
R,0xbdd3b38
W,0x10,0xa11f1f0
R,0x10
R,0xa11f1f0
R,0xc
W,0xc,0x327
R,0xa11f1f8
W,0x10,0x3ceb070
R,0x10
R,0x3ceb070
R,0xc
W,0xc,0x328
R,0x3ceb078
W,0x10,0x541880
R,0x10
R,0x541880
R,0xc
W,0xc,0x329
R,0x541888
W,0x10,0x776e210
R,0x10
R,0x776e210
R,0xc
W,0xc,0x32a
R,0x776e218
W,0x10,0x28cbe60
R,0x10
R,0x28cbe60
R,0xc
W,0xc,0x32b
R,0x28cbe68
W,0x10,0x9a757c0
R,0x10
R,0x9a757c0
R,0xc
W,0xc,0x32c
R,0x9a757c8
W,0x10,0xbc1be0
R,0x10
R,0xbc1be0
R,0xc
W,0xc,0x32d
R,0xbc1be8
W,0x10,0x50ccc20
R,0x10
R,0x50ccc20
R,0xc
W,0xc,0x32e
R,0x50ccc28
W,0x10,0x3bbc9b0
R,0x10
R,0x3bbc9b0
R,0xc
W,0xc,0x32f
R,0x3bbc9b8
W,0x10,0x537c400
R,0x10
R,0x537c400
R,0xc
W,0xc,0x330
R,0x537c408
W,0x10,0x24e67a0
R,0x10
R,0x24e67a0
R,0xc
W,0xc,0x331
R,0x24e67a8
W,0x10,0xc6936a0
R,0x10
R,0xc6936a0
R,0xc
W,0xc,0x332
R,0xc6936a8
W,0x10,0x9c99f80
R,0x10
R,0x9c99f80
R,0xc
W,0xc,0x333
R,0x9c99f88
W,0x10,0x4e39c00
R,0x10
R,0x4e39c00
R,0xc
W,0xc,0x334
R,0x4e39c08
W,0x10,0x754d290
R,0x10
R,0x754d290
R,0xc
W,0xc,0x335
R,0x754d298
W,0x10,0x125d0b0
R,0x10
R,0x125d0b0
R,0xc
W,0xc,0x336
R,0x125d0b8
W,0x10,0x52e2340
R,0x10
R,0x52e2340
R,0xc
W,0xc,0x337
R,0x52e2348
W,0x10,0x4367ed0
R,0x10
R,0x4367ed0
R,0xc
W,0xc,0x338
R,0x4367ed8
W,0x10,0xf2f11f0
R,0x10
R,0xf2f11f0
R,0xc
W,0xc,0x339
R,0xf2f11f8
W,0x10,0xcecaae0
R,0x10
R,0xcecaae0
R,0xc
W,0xc,0x33a
R,0xcecaae8
W,0x10,0x8ce14c0
R,0x10
R,0x8ce14c0
R,0xc
W,0xc,0x33b
R,0x8ce14c8
W,0x10,0x634f140
R,0x10
R,0x634f140
R,0xc
W,0xc,0x33c
R,0x634f148
W,0x10,0x8641cd0
R,0x10
R,0x8641cd0
R,0xc
W,0xc,0x33d
R,0x8641cd8
W,0x10,0xd1981d0
R,0x10
R,0xd1981d0
R,0xc
W,0xc,0x33e
R,0xd1981d8
W,0x10,0xe944750
R,0x10
R,0xe944750
R,0xc
W,0xc,0x33f
R,0xe944758
W,0x10,0xe335010
R,0x10
R,0xe335010
R,0xc
W,0xc,0x340
R,0xe335018
W,0x10,0x7c1f660
R,0x10
R,0x7c1f660
R,0xc
W,0xc,0x341
R,0x7c1f668
W,0x10,0xe449e30
R,0x10
R,0xe449e30
R,0xc
W,0xc,0x342
R,0xe449e38
W,0x10,0xd05f8b0
R,0x10
R,0xd05f8b0
R,0xc
W,0xc,0x343
R,0xd05f8b8
W,0x10,0x4ce9790
R,0x10
R,0x4ce9790
R,0xc
W,0xc,0x344
R,0x4ce9798
W,0x10,0xa0f8ca0
R,0x10
R,0xa0f8ca0
R,0xc
W,0xc,0x345
R,0xa0f8ca8
W,0x10,0x3e4740
R,0x10
R,0x3e4740
R,0xc
W,0xc,0x346
R,0x3e4748
W,0x10,0xfdd390
R,0x10
R,0xfdd390
R,0xc
W,0xc,0x347
R,0xfdd398
W,0x10,0xcce61a0
R,0x10
R,0xcce61a0
R,0xc
W,0xc,0x348
R,0xcce61a8
W,0x10,0x64b5250
R,0x10
R,0x64b5250
R,0xc
W,0xc,0x349
R,0x64b5258
W,0x10,0x7308db0
R,0x10
R,0x7308db0
R,0xc
W,0xc,0x34a
R,0x7308db8
W,0x10,0xd1d99f0
R,0x10
R,0xd1d99f0
R,0xc
W,0xc,0x34b
R,0xd1d99f8
W,0x10,0xfb05430
R,0x10
R,0xfb05430
R,0xc
W,0xc,0x34c
R,0xfb05438
W,0x10,0x4214940
R,0x10
R,0x4214940
R,0xc
W,0xc,0x34d
R,0x4214948
W,0x10,0xd8cab30
R,0x10
R,0xd8cab30
R,0xc
W,0xc,0x34e
R,0xd8cab38
W,0x10,0xa958410
R,0x10
R,0xa958410
R,0xc
W,0xc,0x34f
R,0xa958418
W,0x10,0x6cb1de0
R,0x10
R,0x6cb1de0
R,0xc
W,0xc,0x350
R,0x6cb1de8
W,0x10,0xc476ba0
R,0x10
R,0xc476ba0
R,0xc
W,0xc,0x351
R,0xc476ba8
W,0x10,0x46e6600
R,0x10
R,0x46e6600
R,0xc
W,0xc,0x352
R,0x46e6608
W,0x10,0x36bac40
R,0x10
R,0x36bac40
R,0xc
W,0xc,0x353
R,0x36bac48
W,0x10,0x112770
R,0x10
R,0x112770
R,0xc
W,0xc,0x354
R,0x112778
W,0x10,0x28027a0
R,0x10
R,0x28027a0
R,0xc
W,0xc,0x355
R,0x28027a8
W,0x10,0x80d6a20
R,0x10
R,0x80d6a20
R,0xc
W,0xc,0x356
R,0x80d6a28
W,0x10,0xdabaa60
R,0x10
R,0xdabaa60
R,0xc
W,0xc,0x357
R,0xdabaa68
W,0x10,0x52dcae0
R,0x10
R,0x52dcae0
R,0xc
W,0xc,0x358
R,0x52dcae8
W,0x10,0x2d087d0
R,0x10
R,0x2d087d0
R,0xc
W,0xc,0x359
R,0x2d087d8
W,0x10,0xd1547a0
R,0x10
R,0xd1547a0
R,0xc
W,0xc,0x35a
R,0xd1547a8
W,0x10,0x6049d10
R,0x10
R,0x6049d10
R,0xc
W,0xc,0x35b
R,0x6049d18
W,0x10,0xed230b0
R,0x10
R,0xed230b0
R,0xc
W,0xc,0x35c
R,0xed230b8
W,0x10,0x11696e0
R,0x10
R,0x11696e0
R,0xc
W,0xc,0x35d
R,0x11696e8
W,0x10,0xe98440
R,0x10
R,0xe98440
R,0xc
W,0xc,0x35e
R,0xe98448
W,0x10,0xf6a2bb0
R,0x10
R,0xf6a2bb0
R,0xc
W,0xc,0x35f
R,0xf6a2bb8
W,0x10,0x4c7b670
R,0x10
R,0x4c7b670
R,0xc
W,0xc,0x360
R,0x4c7b678
W,0x10,0xf0dda90
R,0x10
R,0xf0dda90
R,0xc
W,0xc,0x361
R,0xf0dda98
W,0x10,0xb514330
R,0x10
R,0xb514330
R,0xc
W,0xc,0x362
R,0xb514338
W,0x10,0x8ef160
R,0x10
R,0x8ef160
R,0xc
W,0xc,0x363
R,0x8ef168
W,0x10,0x764b5d0
R,0x10
R,0x764b5d0
R,0xc
W,0xc,0x364
R,0x764b5d8
W,0x10,0x2cc70d0
R,0x10
R,0x2cc70d0
R,0xc
W,0xc,0x365
R,0x2cc70d8
W,0x10,0x73dc360
R,0x10
R,0x73dc360
R,0xc
W,0xc,0x366
R,0x73dc368
W,0x10,0x4e06280
R,0x10
R,0x4e06280
R,0xc
W,0xc,0x367
R,0x4e06288
W,0x10,0xf1e5340
R,0x10
R,0xf1e5340
R,0xc
W,0xc,0x368
R,0xf1e5348
W,0x10,0x372f4e0
R,0x10
R,0x372f4e0
R,0xc
W,0xc,0x369
R,0x372f4e8
W,0x10,0xad4c7e0
R,0x10
R,0xad4c7e0
R,0xc
W,0xc,0x36a
R,0xad4c7e8
W,0x10,0xbffb8b0
R,0x10
R,0xbffb8b0
R,0xc
W,0xc,0x36b
R,0xbffb8b8
W,0x10,0x713b340
R,0x10
R,0x713b340
R,0xc
W,0xc,0x36c
R,0x713b348
W,0x10,0x47cf3f0
R,0x10
R,0x47cf3f0
R,0xc
W,0xc,0x36d
R,0x47cf3f8
W,0x10,0x8a810e0
R,0x10
R,0x8a810e0
R,0xc
W,0xc,0x36e
R,0x8a810e8
W,0x10,0x999db10
R,0x10
R,0x999db10
R,0xc
W,0xc,0x36f
R,0x999db18
W,0x10,0x7d050c0
R,0x10
R,0x7d050c0
R,0xc
W,0xc,0x370
R,0x7d050c8
W,0x10,0x5460fc0
R,0x10
R,0x5460fc0
R,0xc
W,0xc,0x371
R,0x5460fc8
W,0x10,0x9aeb1d0
R,0x10
R,0x9aeb1d0
R,0xc
W,0xc,0x372
R,0x9aeb1d8
W,0x10,0xdc9ab80
R,0x10
R,0xdc9ab80
R,0xc
W,0xc,0x373
R,0xdc9ab88
W,0x10,0x1329c80
R,0x10
R,0x1329c80
R,0xc
W,0xc,0x374
R,0x1329c88
W,0x10,0xf50b7c0
R,0x10
R,0xf50b7c0
R,0xc
W,0xc,0x375
R,0xf50b7c8
W,0x10,0xdd0d650
R,0x10
R,0xdd0d650
R,0xc
W,0xc,0x376
R,0xdd0d658
W,0x10,0x8a98c60
R,0x10
R,0x8a98c60
R,0xc
W,0xc,0x377
R,0x8a98c68
W,0x10,0x96bc4a0
R,0x10
R,0x96bc4a0
R,0xc
W,0xc,0x378
R,0x96bc4a8
W,0x10,0x924fdc0
R,0x10
R,0x924fdc0
R,0xc
W,0xc,0x379
R,0x924fdc8
W,0x10,0x4427950
R,0x10
R,0x4427950
R,0xc
W,0xc,0x37a
R,0x4427958
W,0x10,0x38e820
R,0x10
R,0x38e820
R,0xc
W,0xc,0x37b
R,0x38e828
W,0x10,0x865c170
R,0x10
R,0x865c170
R,0xc
W,0xc,0x37c
R,0x865c178
W,0x10,0xc2b4f00
R,0x10
R,0xc2b4f00
R,0xc
W,0xc,0x37d
R,0xc2b4f08
W,0x10,0xa9bca90
R,0x10
R,0xa9bca90
R,0xc
W,0xc,0x37e
R,0xa9bca98
W,0x10,0x4e5a490
R,0x10
R,0x4e5a490
R,0xc
W,0xc,0x37f
R,0x4e5a498
W,0x10,0x1ce3420
R,0x10
R,0x1ce3420
R,0xc
W,0xc,0x380
R,0x1ce3428
W,0x10,0xb3a1fa0
R,0x10
R,0xb3a1fa0
R,0xc
W,0xc,0x381
R,0xb3a1fa8
W,0x10,0x73f3e0
R,0x10
R,0x73f3e0
R,0xc
W,0xc,0x382
R,0x73f3e8
W,0x10,0xc04af20
R,0x10
R,0xc04af20
R,0xc
W,0xc,0x383
R,0xc04af28
W,0x10,0x6f11b00
R,0x10
R,0x6f11b00
R,0xc
W,0xc,0x384
R,0x6f11b08
W,0x10,0xdbad580
R,0x10
R,0xdbad580
R,0xc
W,0xc,0x385
R,0xdbad588
W,0x10,0x6bfd160
R,0x10
R,0x6bfd160
R,0xc
W,0xc,0x386
R,0x6bfd168
W,0x10,0x6bbaca0
R,0x10
R,0x6bbaca0
R,0xc
W,0xc,0x387
R,0x6bbaca8
W,0x10,0x8b59e90
R,0x10
R,0x8b59e90
R,0xc
W,0xc,0x388
R,0x8b59e98
W,0x10,0x35e3750
R,0x10
R,0x35e3750
R,0xc
W,0xc,0x389
R,0x35e3758
W,0x10,0xb144ac0
R,0x10
R,0xb144ac0
R,0xc
W,0xc,0x38a
R,0xb144ac8
W,0x10,0x98ab530
R,0x10
R,0x98ab530
R,0xc
W,0xc,0x38b
R,0x98ab538
W,0x10,0x96b0790
R,0x10
R,0x96b0790
R,0xc
W,0xc,0x38c
R,0x96b0798
W,0x10,0xa81a620
R,0x10
R,0xa81a620
R,0xc
W,0xc,0x38d
R,0xa81a628
W,0x10,0x9b3bdc0
R,0x10
R,0x9b3bdc0
R,0xc
W,0xc,0x38e
R,0x9b3bdc8
W,0x10,0x44638c0
R,0x10
R,0x44638c0
R,0xc
W,0xc,0x38f
R,0x44638c8
W,0x10,0x7f77990
R,0x10
R,0x7f77990
R,0xc
W,0xc,0x390
R,0x7f77998
W,0x10,0x7eddef0
R,0x10
R,0x7eddef0
R,0xc
W,0xc,0x391
R,0x7eddef8
W,0x10,0xf4ba9d0
R,0x10
R,0xf4ba9d0
R,0xc
W,0xc,0x392
R,0xf4ba9d8
W,0x10,0x9156bf0
R,0x10
R,0x9156bf0
R,0xc
W,0xc,0x393
R,0x9156bf8
W,0x10,0x7e18760
R,0x10
R,0x7e18760
R,0xc
W,0xc,0x394
R,0x7e18768
W,0x10,0x82b7300
R,0x10
R,0x82b7300
R,0xc
W,0xc,0x395
R,0x82b7308
W,0x10,0xa57a0c0
R,0x10
R,0xa57a0c0
R,0xc
W,0xc,0x396
R,0xa57a0c8
W,0x10,0x7d369d0
R,0x10
R,0x7d369d0
R,0xc
W,0xc,0x397
R,0x7d369d8
W,0x10,0xf7c8c10
R,0x10
R,0xf7c8c10
R,0xc
W,0xc,0x398
R,0xf7c8c18
W,0x10,0xdc87460
R,0x10
R,0xdc87460
R,0xc
W,0xc,0x399
R,0xdc87468
W,0x10,0x9777020
R,0x10
R,0x9777020
R,0xc
W,0xc,0x39a
R,0x9777028
W,0x10,0x62647e0
R,0x10
R,0x62647e0
R,0xc
W,0xc,0x39b
R,0x62647e8
W,0x10,0xc0aff00
R,0x10
R,0xc0aff00
R,0xc
W,0xc,0x39c
R,0xc0aff08
W,0x10,0x5fc85f0
R,0x10
R,0x5fc85f0
R,0xc
W,0xc,0x39d
R,0x5fc85f8
W,0x10,0x98481a0
R,0x10
R,0x98481a0
R,0xc
W,0xc,0x39e
R,0x98481a8
W,0x10,0x5f6f390
R,0x10
R,0x5f6f390
R,0xc
W,0xc,0x39f
R,0x5f6f398
W,0x10,0x923b530
R,0x10
R,0x923b530
R,0xc
W,0xc,0x3a0
R,0x923b538
W,0x10,0xd30bdf0
R,0x10
R,0xd30bdf0
R,0xc
W,0xc,0x3a1
R,0xd30bdf8
W,0x10,0x1c36b80
R,0x10
R,0x1c36b80
R,0xc
W,0xc,0x3a2
R,0x1c36b88
W,0x10,0x3930370
R,0x10
R,0x3930370
R,0xc
W,0xc,0x3a3
R,0x3930378
W,0x10,0xaacdce0
R,0x10
R,0xaacdce0
R,0xc
W,0xc,0x3a4
R,0xaacdce8
W,0x10,0xdd0baa0
R,0x10
R,0xdd0baa0
R,0xc
W,0xc,0x3a5
R,0xdd0baa8
W,0x10,0xb552e60
R,0x10
R,0xb552e60
R,0xc
W,0xc,0x3a6
R,0xb552e68
W,0x10,0xcfad240
R,0x10
R,0xcfad240
R,0xc
W,0xc,0x3a7
R,0xcfad248
W,0x10,0xc2de870
R,0x10
R,0xc2de870
R,0xc
W,0xc,0x3a8
R,0xc2de878
W,0x10,0x5a5ef00
R,0x10
R,0x5a5ef00
R,0xc
W,0xc,0x3a9
R,0x5a5ef08
W,0x10,0x9fbacc0
R,0x10
R,0x9fbacc0
R,0xc
W,0xc,0x3aa
R,0x9fbacc8
W,0x10,0xe961470
R,0x10
R,0xe961470
R,0xc
W,0xc,0x3ab
R,0xe961478
W,0x10,0xc060a40
R,0x10
R,0xc060a40
R,0xc
W,0xc,0x3ac
R,0xc060a48
W,0x10,0x8034ef0
R,0x10
R,0x8034ef0
R,0xc
W,0xc,0x3ad
R,0x8034ef8
W,0x10,0x1a682a0
R,0x10
R,0x1a682a0
R,0xc
W,0xc,0x3ae
R,0x1a682a8
W,0x10,0x5abf420
R,0x10
R,0x5abf420
R,0xc
W,0xc,0x3af
R,0x5abf428
W,0x10,0x99bfd60
R,0x10
R,0x99bfd60
R,0xc
W,0xc,0x3b0
R,0x99bfd68
W,0x10,0xe097dc0
R,0x10
R,0xe097dc0
R,0xc
W,0xc,0x3b1
R,0xe097dc8
W,0x10,0x632bcf0
R,0x10
R,0x632bcf0
R,0xc
W,0xc,0x3b2
R,0x632bcf8
W,0x10,0xca735a0
R,0x10
R,0xca735a0
R,0xc
W,0xc,0x3b3
R,0xca735a8
W,0x10,0x87660
R,0x10
R,0x87660
R,0xc
W,0xc,0x3b4
R,0x87668
W,0x10,0xf3bb370
R,0x10
R,0xf3bb370
R,0xc
W,0xc,0x3b5
R,0xf3bb378
W,0x10,0xbad68d0
R,0x10
R,0xbad68d0
R,0xc
W,0xc,0x3b6
R,0xbad68d8
W,0x10,0xb6763a0
R,0x10
R,0xb6763a0
R,0xc
W,0xc,0x3b7
R,0xb6763a8
W,0x10,0x784f7b0
R,0x10
R,0x784f7b0
R,0xc
W,0xc,0x3b8
R,0x784f7b8
W,0x10,0x6c0ef90
R,0x10
R,0x6c0ef90
R,0xc
W,0xc,0x3b9
R,0x6c0ef98
W,0x10,0x23a2900
R,0x10
R,0x23a2900
R,0xc
W,0xc,0x3ba
R,0x23a2908
W,0x10,0x1b2c630
R,0x10
R,0x1b2c630
R,0xc
W,0xc,0x3bb
R,0x1b2c638
W,0x10,0x9dba40
R,0x10
R,0x9dba40
R,0xc
W,0xc,0x3bc
R,0x9dba48
W,0x10,0xd462360
R,0x10
R,0xd462360
R,0xc
W,0xc,0x3bd
R,0xd462368
W,0x10,0xc926b90
R,0x10
R,0xc926b90
R,0xc
W,0xc,0x3be
R,0xc926b98
W,0x10,0x921c960
R,0x10
R,0x921c960
R,0xc
W,0xc,0x3bf
R,0x921c968
W,0x10,0x3ed9430
R,0x10
R,0x3ed9430
R,0xc
W,0xc,0x3c0
R,0x3ed9438
W,0x10,0x6a46e80
R,0x10
R,0x6a46e80
R,0xc
W,0xc,0x3c1
R,0x6a46e88
W,0x10,0xa3e52c0
R,0x10
R,0xa3e52c0
R,0xc
W,0xc,0x3c2
R,0xa3e52c8
W,0x10,0x9a39540
R,0x10
R,0x9a39540
R,0xc
W,0xc,0x3c3
R,0x9a39548
W,0x10,0x277d430
R,0x10
R,0x277d430
R,0xc
W,0xc,0x3c4
R,0x277d438
W,0x10,0xd8acfb0
R,0x10
R,0xd8acfb0
R,0xc
W,0xc,0x3c5
R,0xd8acfb8
W,0x10,0x62fb1f0
R,0x10
R,0x62fb1f0
R,0xc
W,0xc,0x3c6
R,0x62fb1f8
W,0x10,0x28030b0
R,0x10
R,0x28030b0
R,0xc
W,0xc,0x3c7
R,0x28030b8
W,0x10,0x9fb390
R,0x10
R,0x9fb390
R,0xc
W,0xc,0x3c8
R,0x9fb398
W,0x10,0xc15d960
R,0x10
R,0xc15d960
R,0xc
W,0xc,0x3c9
R,0xc15d968
W,0x10,0x8aa9d40
R,0x10
R,0x8aa9d40
R,0xc
W,0xc,0x3ca
R,0x8aa9d48
W,0x10,0x6b715a0
R,0x10
R,0x6b715a0
R,0xc
W,0xc,0x3cb
R,0x6b715a8
W,0x10,0x8945730
R,0x10
R,0x8945730
R,0xc
W,0xc,0x3cc
R,0x8945738
W,0x10,0xbf6c410
R,0x10
R,0xbf6c410
R,0xc
W,0xc,0x3cd
R,0xbf6c418
W,0x10,0xd2acb60
R,0x10
R,0xd2acb60
R,0xc
W,0xc,0x3ce
R,0xd2acb68
W,0x10,0xfca9d10
R,0x10
R,0xfca9d10
R,0xc
W,0xc,0x3cf
R,0xfca9d18
W,0x10,0x3b7b840
R,0x10
R,0x3b7b840
R,0xc
W,0xc,0x3d0
R,0x3b7b848
W,0x10,0xe6c1b80
R,0x10
R,0xe6c1b80
R,0xc
W,0xc,0x3d1
R,0xe6c1b88
W,0x10,0x5141020
R,0x10
R,0x5141020
R,0xc
W,0xc,0x3d2
R,0x5141028
W,0x10,0x8d02d50
R,0x10
R,0x8d02d50
R,0xc
W,0xc,0x3d3
R,0x8d02d58
W,0x10,0xa87cc10
R,0x10
R,0xa87cc10
R,0xc
W,0xc,0x3d4
R,0xa87cc18
W,0x10,0x2614420
R,0x10
R,0x2614420
R,0xc
W,0xc,0x3d5
R,0x2614428
W,0x10,0x45e4550
R,0x10
R,0x45e4550
R,0xc
W,0xc,0x3d6
R,0x45e4558
W,0x10,0x66d1fb0
R,0x10
R,0x66d1fb0
R,0xc
W,0xc,0x3d7
R,0x66d1fb8
W,0x10,0xf3a6900
R,0x10
R,0xf3a6900
R,0xc
W,0xc,0x3d8
R,0xf3a6908
W,0x10,0x99a9af0
R,0x10
R,0x99a9af0
R,0xc
W,0xc,0x3d9
R,0x99a9af8
W,0x10,0x52540c0
R,0x10
R,0x52540c0
R,0xc
W,0xc,0x3da
R,0x52540c8
W,0x10,0x7192e30
R,0x10
R,0x7192e30
R,0xc
W,0xc,0x3db
R,0x7192e38
W,0x10,0x2eba120
R,0x10
R,0x2eba120
R,0xc
W,0xc,0x3dc
R,0x2eba128
W,0x10,0xd5caa20
R,0x10
R,0xd5caa20
R,0xc
W,0xc,0x3dd
R,0xd5caa28
W,0x10,0x6cbb280
R,0x10
R,0x6cbb280
R,0xc
W,0xc,0x3de
R,0x6cbb288
W,0x10,0x7ef5980
R,0x10
R,0x7ef5980
R,0xc
W,0xc,0x3df
R,0x7ef5988
W,0x10,0x33c0e50
R,0x10
R,0x33c0e50
R,0xc
W,0xc,0x3e0
R,0x33c0e58
W,0x10,0x74e50c0
R,0x10
R,0x74e50c0
R,0xc
W,0xc,0x3e1
R,0x74e50c8
W,0x10,0xfe46020
R,0x10
R,0xfe46020
R,0xc
W,0xc,0x3e2
R,0xfe46028
W,0x10,0x2f93330
R,0x10
R,0x2f93330
R,0xc
W,0xc,0x3e3
R,0x2f93338
W,0x10,0xba6acb0
R,0x10
R,0xba6acb0
R,0xc
W,0xc,0x3e4
R,0xba6acb8
W,0x10,0x99b65a0
R,0x10
R,0x99b65a0
R,0xc
W,0xc,0x3e5
R,0x99b65a8
W,0x10,0xcf40530
R,0x10
R,0xcf40530
R,0xc
W,0xc,0x3e6
R,0xcf40538
W,0x10,0x9b5bf0
R,0x10
R,0x9b5bf0
R,0xc
W,0xc,0x3e7
R,0x9b5bf8
W,0x10,0x2732710
R,0x10
R,0x2732710
R,0xc
W,0xc,0x3e8
R,0x2732718
W,0x10,0x0
R,0x10
R,0xc
