W,0x18,0xe6e0
R,0x18
W,0x10,0xe6e0
W,0xc,0x0
R,0x10
R,0xe6e0
R,0xc
W,0xc,0x1
R,0xe6e8
W,0x10,0xba80
R,0x10
R,0xba80
R,0xc
W,0xc,0x2
R,0xba88
W,0x10,0xde50
R,0x10
R,0xde50
R,0xc
W,0xc,0x3
R,0xde58
W,0x10,0xfed0
R,0x10
R,0xfed0
R,0xc
W,0xc,0x4
R,0xfed8
W,0x10,0xa410
R,0x10
R,0xa410
R,0xc
W,0xc,0x5
R,0xa418
W,0x10,0x4e50
R,0x10
R,0x4e50
R,0xc
W,0xc,0x6
R,0x4e58
W,0x10,0x7470
R,0x10
R,0x7470
R,0xc
W,0xc,0x7
R,0x7478
W,0x10,0x5250
R,0x10
R,0x5250
R,0xc
W,0xc,0x8
R,0x5258
W,0x10,0x8770
R,0x10
R,0x8770
R,0xc
W,0xc,0x9
R,0x8778
W,0x10,0x9310
R,0x10
R,0x9310
R,0xc
W,0xc,0xa
R,0x9318
W,0x10,0x6fe0
R,0x10
R,0x6fe0
R,0xc
W,0xc,0xb
R,0x6fe8
W,0x10,0x7680
R,0x10
R,0x7680
R,0xc
W,0xc,0xc
R,0x7688
W,0x10,0xf8b0
R,0x10
R,0xf8b0
R,0xc
W,0xc,0xd
R,0xf8b8
W,0x10,0xcab0
R,0x10
R,0xcab0
R,0xc
W,0xc,0xe
R,0xcab8
W,0x10,0xb610
R,0x10
R,0xb610
R,0xc
W,0xc,0xf
R,0xb618
W,0x10,0x3720
R,0x10
R,0x3720
R,0xc
W,0xc,0x10
R,0x3728
W,0x10,0x5e90
R,0x10
R,0x5e90
R,0xc
W,0xc,0x11
R,0x5e98
W,0x10,0x27b0
R,0x10
R,0x27b0
R,0xc
W,0xc,0x12
R,0x27b8
W,0x10,0xd500
R,0x10
R,0xd500
R,0xc
W,0xc,0x13
R,0xd508
W,0x10,0x94f0
R,0x10
R,0x94f0
R,0xc
W,0xc,0x14
R,0x94f8
W,0x10,0xfba0
R,0x10
R,0xfba0
R,0xc
W,0xc,0x15
R,0xfba8
W,0x10,0xb900
R,0x10
R,0xb900
R,0xc
W,0xc,0x16
R,0xb908
W,0x10,0xa0f0
R,0x10
R,0xa0f0
R,0xc
W,0xc,0x17
R,0xa0f8
W,0x10,0xdcc0
R,0x10
R,0xdcc0
R,0xc
W,0xc,0x18
R,0xdcc8
W,0x10,0x19a0
R,0x10
R,0x19a0
R,0xc
W,0xc,0x19
R,0x19a8
W,0x10,0x8f20
R,0x10
R,0x8f20
R,0xc
W,0xc,0x1a
R,0x8f28
W,0x10,0x1100
R,0x10
R,0x1100
R,0xc
W,0xc,0x1b
R,0x1108
W,0x10,0xeb30
R,0x10
R,0xeb30
R,0xc
W,0xc,0x1c
R,0xeb38
W,0x10,0xf5a0
R,0x10
R,0xf5a0
R,0xc
W,0xc,0x1d
R,0xf5a8
W,0x10,0x77c0
R,0x10
R,0x77c0
R,0xc
W,0xc,0x1e
R,0x77c8
W,0x10,0x9f40
R,0x10
R,0x9f40
R,0xc
W,0xc,0x1f
R,0x9f48
W,0x10,0xc760
R,0x10
R,0xc760
R,0xc
W,0xc,0x20
R,0xc768
W,0x10,0xd1c0
R,0x10
R,0xd1c0
R,0xc
W,0xc,0x21
R,0xd1c8
W,0x10,0x3200
R,0x10
R,0x3200
R,0xc
W,0xc,0x22
R,0x3208
W,0x10,0xcc10
R,0x10
R,0xcc10
R,0xc
W,0xc,0x23
R,0xcc18
W,0x10,0xbd80
R,0x10
R,0xbd80
R,0xc
W,0xc,0x24
R,0xbd88
W,0x10,0x80a0
R,0x10
R,0x80a0
R,0xc
W,0xc,0x25
R,0x80a8
W,0x10,0x53a0
R,0x10
R,0x53a0
R,0xc
W,0xc,0x26
R,0x53a8
W,0x10,0x2530
R,0x10
R,0x2530
R,0xc
W,0xc,0x27
R,0x2538
W,0x10,0xd5b0
R,0x10
R,0xd5b0
R,0xc
W,0xc,0x28
R,0xd5b8
W,0x10,0x8830
R,0x10
R,0x8830
R,0xc
W,0xc,0x29
R,0x8838
W,0x10,0xa7d0
R,0x10
R,0xa7d0
R,0xc
W,0xc,0x2a
R,0xa7d8
W,0x10,0x12d0
R,0x10
R,0x12d0
R,0xc
W,0xc,0x2b
R,0x12d8
W,0x10,0x6d30
R,0x10
R,0x6d30
R,0xc
W,0xc,0x2c
R,0x6d38
W,0x10,0xc5e0
R,0x10
R,0xc5e0
R,0xc
W,0xc,0x2d
R,0xc5e8
W,0x10,0x6190
R,0x10
R,0x6190
R,0xc
W,0xc,0x2e
R,0x6198
W,0x10,0x6ae0
R,0x10
R,0x6ae0
R,0xc
W,0xc,0x2f
R,0x6ae8
W,0x10,0x64c0
R,0x10
R,0x64c0
R,0xc
W,0xc,0x30
R,0x64c8
W,0x10,0x47a0
R,0x10
R,0x47a0
R,0xc
W,0xc,0x31
R,0x47a8
W,0x10,0xaee0
R,0x10
R,0xaee0
R,0xc
W,0xc,0x32
R,0xaee8
W,0x10,0x6d20
R,0x10
R,0x6d20
R,0xc
W,0xc,0x33
R,0x6d28
W,0x10,0x7330
R,0x10
R,0x7330
R,0xc
W,0xc,0x34
R,0x7338
W,0x10,0x10530
R,0x10
R,0x10530
R,0xc
W,0xc,0x35
R,0x10538
W,0x10,0xcff0
R,0x10
R,0xcff0
R,0xc
W,0xc,0x36
R,0xcff8
W,0x10,0x72c0
R,0x10
R,0x72c0
R,0xc
W,0xc,0x37
R,0x72c8
W,0x10,0x1ee0
R,0x10
R,0x1ee0
R,0xc
W,0xc,0x38
R,0x1ee8
W,0x10,0x10bb0
R,0x10
R,0x10bb0
R,0xc
W,0xc,0x39
R,0x10bb8
W,0x10,0xd700
R,0x10
R,0xd700
R,0xc
W,0xc,0x3a
R,0xd708
W,0x10,0xbc30
R,0x10
R,0xbc30
R,0xc
W,0xc,0x3b
R,0xbc38
W,0x10,0x5a50
R,0x10
R,0x5a50
R,0xc
W,0xc,0x3c
R,0x5a58
W,0x10,0xc690
R,0x10
R,0xc690
R,0xc
W,0xc,0x3d
R,0xc698
W,0x10,0x4da0
R,0x10
R,0x4da0
R,0xc
W,0xc,0x3e
R,0x4da8
W,0x10,0x107a0
R,0x10
R,0x107a0
R,0xc
W,0xc,0x3f
R,0x107a8
W,0x10,0xa0b0
R,0x10
R,0xa0b0
R,0xc
W,0xc,0x40
R,0xa0b8
W,0x10,0xa5f0
R,0x10
R,0xa5f0
R,0xc
W,0xc,0x41
R,0xa5f8
W,0x10,0x2d20
R,0x10
R,0x2d20
R,0xc
W,0xc,0x42
R,0x2d28
W,0x10,0x9cc0
R,0x10
R,0x9cc0
R,0xc
W,0xc,0x43
R,0x9cc8
W,0x10,0xa520
R,0x10
R,0xa520
R,0xc
W,0xc,0x44
R,0xa528
W,0x10,0x7120
R,0x10
R,0x7120
R,0xc
W,0xc,0x45
R,0x7128
W,0x10,0x32c0
R,0x10
R,0x32c0
R,0xc
W,0xc,0x46
R,0x32c8
W,0x10,0x2c00
R,0x10
R,0x2c00
R,0xc
W,0xc,0x47
R,0x2c08
W,0x10,0xdd50
R,0x10
R,0xdd50
R,0xc
W,0xc,0x48
R,0xdd58
W,0x10,0x7b90
R,0x10
R,0x7b90
R,0xc
W,0xc,0x49
R,0x7b98
W,0x10,0x97c0
R,0x10
R,0x97c0
R,0xc
W,0xc,0x4a
R,0x97c8
W,0x10,0x1e00
R,0x10
R,0x1e00
R,0xc
W,0xc,0x4b
R,0x1e08
W,0x10,0x57f0
R,0x10
R,0x57f0
R,0xc
W,0xc,0x4c
R,0x57f8
W,0x10,0xa220
R,0x10
R,0xa220
R,0xc
W,0xc,0x4d
R,0xa228
W,0x10,0x6240
R,0x10
R,0x6240
R,0xc
W,0xc,0x4e
R,0x6248
W,0x10,0x10490
R,0x10
R,0x10490
R,0xc
W,0xc,0x4f
R,0x10498
W,0x10,0x3450
R,0x10
R,0x3450
R,0xc
W,0xc,0x50
R,0x3458
W,0x10,0xd840
R,0x10
R,0xd840
R,0xc
W,0xc,0x51
R,0xd848
W,0x10,0xe590
R,0x10
R,0xe590
R,0xc
W,0xc,0x52
R,0xe598
W,0x10,0xf1a0
R,0x10
R,0xf1a0
R,0xc
W,0xc,0x53
R,0xf1a8
W,0x10,0x5670
R,0x10
R,0x5670
R,0xc
W,0xc,0x54
R,0x5678
W,0x10,0xf060
R,0x10
R,0xf060
R,0xc
W,0xc,0x55
R,0xf068
W,0x10,0x3230
R,0x10
R,0x3230
R,0xc
W,0xc,0x56
R,0x3238
W,0x10,0x3830
R,0x10
R,0x3830
R,0xc
W,0xc,0x57
R,0x3838
W,0x10,0x9930
R,0x10
R,0x9930
R,0xc
W,0xc,0x58
R,0x9938
W,0x10,0x10af0
R,0x10
R,0x10af0
R,0xc
W,0xc,0x59
R,0x10af8
W,0x10,0x42a0
R,0x10
R,0x42a0
R,0xc
W,0xc,0x5a
R,0x42a8
W,0x10,0x7f80
R,0x10
R,0x7f80
R,0xc
W,0xc,0x5b
R,0x7f88
W,0x10,0x4440
R,0x10
R,0x4440
R,0xc
W,0xc,0x5c
R,0x4448
W,0x10,0xd330
R,0x10
R,0xd330
R,0xc
W,0xc,0x5d
R,0xd338
W,0x10,0xb430
R,0x10
R,0xb430
R,0xc
W,0xc,0x5e
R,0xb438
W,0x10,0x4880
R,0x10
R,0x4880
R,0xc
W,0xc,0x5f
R,0x4888
W,0x10,0x1cc0
R,0x10
R,0x1cc0
R,0xc
W,0xc,0x60
R,0x1cc8
W,0x10,0xa910
R,0x10
R,0xa910
R,0xc
W,0xc,0x61
R,0xa918
W,0x10,0x2a20
R,0x10
R,0x2a20
R,0xc
W,0xc,0x62
R,0x2a28
W,0x10,0x33a0
R,0x10
R,0x33a0
R,0xc
W,0xc,0x63
R,0x33a8
W,0x10,0xb670
R,0x10
R,0xb670
R,0xc
W,0xc,0x64
R,0xb678
W,0x10,0x8420
R,0x10
R,0x8420
R,0xc
W,0xc,0x65
R,0x8428
W,0x10,0x60e0
R,0x10
R,0x60e0
R,0xc
W,0xc,0x66
R,0x60e8
W,0x10,0x2990
R,0x10
R,0x2990
R,0xc
W,0xc,0x67
R,0x2998
W,0x10,0x17a0
R,0x10
R,0x17a0
R,0xc
W,0xc,0x68
R,0x17a8
W,0x10,0x9990
R,0x10
R,0x9990
R,0xc
W,0xc,0x69
R,0x9998
W,0x10,0xdac0
R,0x10
R,0xdac0
R,0xc
W,0xc,0x6a
R,0xdac8
W,0x10,0xa390
R,0x10
R,0xa390
R,0xc
W,0xc,0x6b
R,0xa398
W,0x10,0x2300
R,0x10
R,0x2300
R,0xc
W,0xc,0x6c
R,0x2308
W,0x10,0x56f0
R,0x10
R,0x56f0
R,0xc
W,0xc,0x6d
R,0x56f8
W,0x10,0xc1f0
R,0x10
R,0xc1f0
R,0xc
W,0xc,0x6e
R,0xc1f8
W,0x10,0xf990
R,0x10
R,0xf990
R,0xc
W,0xc,0x6f
R,0xf998
W,0x10,0x4950
R,0x10
R,0x4950
R,0xc
W,0xc,0x70
R,0x4958
W,0x10,0xc0d0
R,0x10
R,0xc0d0
R,0xc
W,0xc,0x71
R,0xc0d8
W,0x10,0x3420
R,0x10
R,0x3420
R,0xc
W,0xc,0x72
R,0x3428
W,0x10,0xeb80
R,0x10
R,0xeb80
R,0xc
W,0xc,0x73
R,0xeb88
W,0x10,0x8dc0
R,0x10
R,0x8dc0
R,0xc
W,0xc,0x74
R,0x8dc8
W,0x10,0xe450
R,0x10
R,0xe450
R,0xc
W,0xc,0x75
R,0xe458
W,0x10,0xf310
R,0x10
R,0xf310
R,0xc
W,0xc,0x76
R,0xf318
W,0x10,0x7a00
R,0x10
R,0x7a00
R,0xc
W,0xc,0x77
R,0x7a08
W,0x10,0xcfd0
R,0x10
R,0xcfd0
R,0xc
W,0xc,0x78
R,0xcfd8
W,0x10,0xefa0
R,0x10
R,0xefa0
R,0xc
W,0xc,0x79
R,0xefa8
W,0x10,0x1b20
R,0x10
R,0x1b20
R,0xc
W,0xc,0x7a
R,0x1b28
W,0x10,0xdc70
R,0x10
R,0xdc70
R,0xc
W,0xc,0x7b
R,0xdc78
W,0x10,0xfe80
R,0x10
R,0xfe80
R,0xc
W,0xc,0x7c
R,0xfe88
W,0x10,0x7910
R,0x10
R,0x7910
R,0xc
W,0xc,0x7d
R,0x7918
W,0x10,0xd290
R,0x10
R,0xd290
R,0xc
W,0xc,0x7e
R,0xd298
W,0x10,0x2bd0
R,0x10
R,0x2bd0
R,0xc
W,0xc,0x7f
R,0x2bd8
W,0x10,0x1780
R,0x10
R,0x1780
R,0xc
W,0xc,0x80
R,0x1788
W,0x10,0x3870
R,0x10
R,0x3870
R,0xc
W,0xc,0x81
R,0x3878
W,0x10,0x5040
R,0x10
R,0x5040
R,0xc
W,0xc,0x82
R,0x5048
W,0x10,0xb340
R,0x10
R,0xb340
R,0xc
W,0xc,0x83
R,0xb348
W,0x10,0x4800
R,0x10
R,0x4800
R,0xc
W,0xc,0x84
R,0x4808
W,0x10,0x5760
R,0x10
R,0x5760
R,0xc
W,0xc,0x85
R,0x5768
W,0x10,0x82c0
R,0x10
R,0x82c0
R,0xc
W,0xc,0x86
R,0x82c8
W,0x10,0x6f60
R,0x10
R,0x6f60
R,0xc
W,0xc,0x87
R,0x6f68
W,0x10,0x80c0
R,0x10
R,0x80c0
R,0xc
W,0xc,0x88
R,0x80c8
W,0x10,0xa6d0
R,0x10
R,0xa6d0
R,0xc
W,0xc,0x89
R,0xa6d8
W,0x10,0x8010
R,0x10
R,0x8010
R,0xc
W,0xc,0x8a
R,0x8018
W,0x10,0xcbf0
R,0x10
R,0xcbf0
R,0xc
W,0xc,0x8b
R,0xcbf8
W,0x10,0x91e0
R,0x10
R,0x91e0
R,0xc
W,0xc,0x8c
R,0x91e8
W,0x10,0x2090
R,0x10
R,0x2090
R,0xc
W,0xc,0x8d
R,0x2098
W,0x10,0xd9d0
R,0x10
R,0xd9d0
R,0xc
W,0xc,0x8e
R,0xd9d8
W,0x10,0x6380
R,0x10
R,0x6380
R,0xc
W,0xc,0x8f
R,0x6388
W,0x10,0xceb0
R,0x10
R,0xceb0
R,0xc
W,0xc,0x90
R,0xceb8
W,0x10,0x3fc0
R,0x10
R,0x3fc0
R,0xc
W,0xc,0x91
R,0x3fc8
W,0x10,0x5d70
R,0x10
R,0x5d70
R,0xc
W,0xc,0x92
R,0x5d78
W,0x10,0x9570
R,0x10
R,0x9570
R,0xc
W,0xc,0x93
R,0x9578
W,0x10,0x7f00
R,0x10
R,0x7f00
R,0xc
W,0xc,0x94
R,0x7f08
W,0x10,0xb950
R,0x10
R,0xb950
R,0xc
W,0xc,0x95
R,0xb958
W,0x10,0xbfc0
R,0x10
R,0xbfc0
R,0xc
W,0xc,0x96
R,0xbfc8
W,0x10,0x3e20
R,0x10
R,0x3e20
R,0xc
W,0xc,0x97
R,0x3e28
W,0x10,0xc5c0
R,0x10
R,0xc5c0
R,0xc
W,0xc,0x98
R,0xc5c8
W,0x10,0x2360
R,0x10
R,0x2360
R,0xc
W,0xc,0x99
R,0x2368
W,0x10,0xd150
R,0x10
R,0xd150
R,0xc
W,0xc,0x9a
R,0xd158
W,0x10,0x10840
R,0x10
R,0x10840
R,0xc
W,0xc,0x9b
R,0x10848
W,0x10,0xd560
R,0x10
R,0xd560
R,0xc
W,0xc,0x9c
R,0xd568
W,0x10,0x75d0
R,0x10
R,0x75d0
R,0xc
W,0xc,0x9d
R,0x75d8
W,0x10,0x4000
R,0x10
R,0x4000
R,0xc
W,0xc,0x9e
R,0x4008
W,0x10,0xbda0
R,0x10
R,0xbda0
R,0xc
W,0xc,0x9f
R,0xbda8
W,0x10,0x8860
R,0x10
R,0x8860
R,0xc
W,0xc,0xa0
R,0x8868
W,0x10,0x103d0
R,0x10
R,0x103d0
R,0xc
W,0xc,0xa1
R,0x103d8
W,0x10,0x2110
R,0x10
R,0x2110
R,0xc
W,0xc,0xa2
R,0x2118
W,0x10,0x4570
R,0x10
R,0x4570
R,0xc
W,0xc,0xa3
R,0x4578
W,0x10,0xe160
R,0x10
R,0xe160
R,0xc
W,0xc,0xa4
R,0xe168
W,0x10,0x4170
R,0x10
R,0x4170
R,0xc
W,0xc,0xa5
R,0x4178
W,0x10,0x10b50
R,0x10
R,0x10b50
R,0xc
W,0xc,0xa6
R,0x10b58
W,0x10,0x9f10
R,0x10
R,0x9f10
R,0xc
W,0xc,0xa7
R,0x9f18
W,0x10,0xc700
R,0x10
R,0xc700
R,0xc
W,0xc,0xa8
R,0xc708
W,0x10,0x1370
R,0x10
R,0x1370
R,0xc
W,0xc,0xa9
R,0x1378
W,0x10,0xac90
R,0x10
R,0xac90
R,0xc
W,0xc,0xaa
R,0xac98
W,0x10,0x29d0
R,0x10
R,0x29d0
R,0xc
W,0xc,0xab
R,0x29d8
W,0x10,0xb480
R,0x10
R,0xb480
R,0xc
W,0xc,0xac
R,0xb488
W,0x10,0xf590
R,0x10
R,0xf590
R,0xc
W,0xc,0xad
R,0xf598
W,0x10,0x9480
R,0x10
R,0x9480
R,0xc
W,0xc,0xae
R,0x9488
W,0x10,0x96b0
R,0x10
R,0x96b0
R,0xc
W,0xc,0xaf
R,0x96b8
W,0x10,0x7070
R,0x10
R,0x7070
R,0xc
W,0xc,0xb0
R,0x7078
W,0x10,0x5430
R,0x10
R,0x5430
R,0xc
W,0xc,0xb1
R,0x5438
W,0x10,0x2430
R,0x10
R,0x2430
R,0xc
W,0xc,0xb2
R,0x2438
W,0x10,0xc820
R,0x10
R,0xc820
R,0xc
W,0xc,0xb3
R,0xc828
W,0x10,0x6bb0
R,0x10
R,0x6bb0
R,0xc
W,0xc,0xb4
R,0x6bb8
W,0x10,0x1610
R,0x10
R,0x1610
R,0xc
W,0xc,0xb5
R,0x1618
W,0x10,0xead0
R,0x10
R,0xead0
R,0xc
W,0xc,0xb6
R,0xead8
W,0x10,0xbd10
R,0x10
R,0xbd10
R,0xc
W,0xc,0xb7
R,0xbd18
W,0x10,0xae90
R,0x10
R,0xae90
R,0xc
W,0xc,0xb8
R,0xae98
W,0x10,0x8a90
R,0x10
R,0x8a90
R,0xc
W,0xc,0xb9
R,0x8a98
W,0x10,0x8250
R,0x10
R,0x8250
R,0xc
W,0xc,0xba
R,0x8258
W,0x10,0xb2d0
R,0x10
R,0xb2d0
R,0xc
W,0xc,0xbb
R,0xb2d8
W,0x10,0xcc80
R,0x10
R,0xcc80
R,0xc
W,0xc,0xbc
R,0xcc88
W,0x10,0x24b0
R,0x10
R,0x24b0
R,0xc
W,0xc,0xbd
R,0x24b8
W,0x10,0x79e0
R,0x10
R,0x79e0
R,0xc
W,0xc,0xbe
R,0x79e8
W,0x10,0x1fe0
R,0x10
R,0x1fe0
R,0xc
W,0xc,0xbf
R,0x1fe8
W,0x10,0xc6e0
R,0x10
R,0xc6e0
R,0xc
W,0xc,0xc0
R,0xc6e8
W,0x10,0x8500
R,0x10
R,0x8500
R,0xc
W,0xc,0xc1
R,0x8508
W,0x10,0xe8f0
R,0x10
R,0xe8f0
R,0xc
W,0xc,0xc2
R,0xe8f8
W,0x10,0xca10
R,0x10
R,0xca10
R,0xc
W,0xc,0xc3
R,0xca18
W,0x10,0xf440
R,0x10
R,0xf440
R,0xc
W,0xc,0xc4
R,0xf448
W,0x10,0xe1c0
R,0x10
R,0xe1c0
R,0xc
W,0xc,0xc5
R,0xe1c8
W,0x10,0x108c0
R,0x10
R,0x108c0
R,0xc
W,0xc,0xc6
R,0x108c8
W,0x10,0x6090
R,0x10
R,0x6090
R,0xc
W,0xc,0xc7
R,0x6098
W,0x10,0x5dd0
R,0x10
R,0x5dd0
R,0xc
W,0xc,0xc8
R,0x5dd8
W,0x10,0x9a70
R,0x10
R,0x9a70
R,0xc
W,0xc,0xc9
R,0x9a78
W,0x10,0xbc50
R,0x10
R,0xbc50
R,0xc
W,0xc,0xca
R,0xbc58
W,0x10,0x3010
R,0x10
R,0x3010
R,0xc
W,0xc,0xcb
R,0x3018
W,0x10,0xc7f0
R,0x10
R,0xc7f0
R,0xc
W,0xc,0xcc
R,0xc7f8
W,0x10,0x1c40
R,0x10
R,0x1c40
R,0xc
W,0xc,0xcd
R,0x1c48
W,0x10,0xa500
R,0x10
R,0xa500
R,0xc
W,0xc,0xce
R,0xa508
W,0x10,0xb440
R,0x10
R,0xb440
R,0xc
W,0xc,0xcf
R,0xb448
W,0x10,0x100e0
R,0x10
R,0x100e0
R,0xc
W,0xc,0xd0
R,0x100e8
W,0x10,0x4810
R,0x10
R,0x4810
R,0xc
W,0xc,0xd1
R,0x4818
W,0x10,0x1330
R,0x10
R,0x1330
R,0xc
W,0xc,0xd2
R,0x1338
W,0x10,0x8620
R,0x10
R,0x8620
R,0xc
W,0xc,0xd3
R,0x8628
W,0x10,0x8030
R,0x10
R,0x8030
R,0xc
W,0xc,0xd4
R,0x8038
W,0x10,0xce50
R,0x10
R,0xce50
R,0xc
W,0xc,0xd5
R,0xce58
W,0x10,0xf610
R,0x10
R,0xf610
R,0xc
W,0xc,0xd6
R,0xf618
W,0x10,0x7fc0
R,0x10
R,0x7fc0
R,0xc
W,0xc,0xd7
R,0x7fc8
W,0x10,0xbb60
R,0x10
R,0xbb60
R,0xc
W,0xc,0xd8
R,0xbb68
W,0x10,0xc970
R,0x10
R,0xc970
R,0xc
W,0xc,0xd9
R,0xc978
W,0x10,0xb590
R,0x10
R,0xb590
R,0xc
W,0xc,0xda
R,0xb598
W,0x10,0xd6f0
R,0x10
R,0xd6f0
R,0xc
W,0xc,0xdb
R,0xd6f8
W,0x10,0xb2c0
R,0x10
R,0xb2c0
R,0xc
W,0xc,0xdc
R,0xb2c8
W,0x10,0x3e80
R,0x10
R,0x3e80
R,0xc
W,0xc,0xdd
R,0x3e88
W,0x10,0x45d0
R,0x10
R,0x45d0
R,0xc
W,0xc,0xde
R,0x45d8
W,0x10,0x7c60
R,0x10
R,0x7c60
R,0xc
W,0xc,0xdf
R,0x7c68
W,0x10,0x63b0
R,0x10
R,0x63b0
R,0xc
W,0xc,0xe0
R,0x63b8
W,0x10,0x10e80
R,0x10
R,0x10e80
R,0xc
W,0xc,0xe1
R,0x10e88
W,0x10,0xf280
R,0x10
R,0xf280
R,0xc
W,0xc,0xe2
R,0xf288
W,0x10,0x6d70
R,0x10
R,0x6d70
R,0xc
W,0xc,0xe3
R,0x6d78
W,0x10,0x8cb0
R,0x10
R,0x8cb0
R,0xc
W,0xc,0xe4
R,0x8cb8
W,0x10,0x2210
R,0x10
R,0x2210
R,0xc
W,0xc,0xe5
R,0x2218
W,0x10,0xa340
R,0x10
R,0xa340
R,0xc
W,0xc,0xe6
R,0xa348
W,0x10,0x9c30
R,0x10
R,0x9c30
R,0xc
W,0xc,0xe7
R,0x9c38
W,0x10,0x6770
R,0x10
R,0x6770
R,0xc
W,0xc,0xe8
R,0x6778
W,0x10,0x3170
R,0x10
R,0x3170
R,0xc
W,0xc,0xe9
R,0x3178
W,0x10,0x3150
R,0x10
R,0x3150
R,0xc
W,0xc,0xea
R,0x3158
W,0x10,0x103c0
R,0x10
R,0x103c0
R,0xc
W,0xc,0xeb
R,0x103c8
W,0x10,0xb570
R,0x10
R,0xb570
R,0xc
W,0xc,0xec
R,0xb578
W,0x10,0xa240
R,0x10
R,0xa240
R,0xc
W,0xc,0xed
R,0xa248
W,0x10,0x2580
R,0x10
R,0x2580
R,0xc
W,0xc,0xee
R,0x2588
W,0x10,0x2e80
R,0x10
R,0x2e80
R,0xc
W,0xc,0xef
R,0x2e88
W,0x10,0x10bf0
R,0x10
R,0x10bf0
R,0xc
W,0xc,0xf0
R,0x10bf8
W,0x10,0xc1e0
R,0x10
R,0xc1e0
R,0xc
W,0xc,0xf1
R,0xc1e8
W,0x10,0x107e0
R,0x10
R,0x107e0
R,0xc
W,0xc,0xf2
R,0x107e8
W,0x10,0xb6d0
R,0x10
R,0xb6d0
R,0xc
W,0xc,0xf3
R,0xb6d8
W,0x10,0x10850
R,0x10
R,0x10850
R,0xc
W,0xc,0xf4
R,0x10858
W,0x10,0xeb90
R,0x10
R,0xeb90
R,0xc
W,0xc,0xf5
R,0xeb98
W,0x10,0x1050
R,0x10
R,0x1050
R,0xc
W,0xc,0xf6
R,0x1058
W,0x10,0xe100
R,0x10
R,0xe100
R,0xc
W,0xc,0xf7
R,0xe108
W,0x10,0xb150
R,0x10
R,0xb150
R,0xc
W,0xc,0xf8
R,0xb158
W,0x10,0x1e40
R,0x10
R,0x1e40
R,0xc
W,0xc,0xf9
R,0x1e48
W,0x10,0x21a0
R,0x10
R,0x21a0
R,0xc
W,0xc,0xfa
R,0x21a8
W,0x10,0xf9c0
R,0x10
R,0xf9c0
R,0xc
W,0xc,0xfb
R,0xf9c8
W,0x10,0xafd0
R,0x10
R,0xafd0
R,0xc
W,0xc,0xfc
R,0xafd8
W,0x10,0xed50
R,0x10
R,0xed50
R,0xc
W,0xc,0xfd
R,0xed58
W,0x10,0x25b0
R,0x10
R,0x25b0
R,0xc
W,0xc,0xfe
R,0x25b8
W,0x10,0xb280
R,0x10
R,0xb280
R,0xc
W,0xc,0xff
R,0xb288
W,0x10,0xc500
R,0x10
R,0xc500
R,0xc
W,0xc,0x100
R,0xc508
W,0x10,0x2750
R,0x10
R,0x2750
R,0xc
W,0xc,0x101
R,0x2758
W,0x10,0xad50
R,0x10
R,0xad50
R,0xc
W,0xc,0x102
R,0xad58
W,0x10,0x34a0
R,0x10
R,0x34a0
R,0xc
W,0xc,0x103
R,0x34a8
W,0x10,0xc550
R,0x10
R,0xc550
R,0xc
W,0xc,0x104
R,0xc558
W,0x10,0xe220
R,0x10
R,0xe220
R,0xc
W,0xc,0x105
R,0xe228
W,0x10,0xa320
R,0x10
R,0xa320
R,0xc
W,0xc,0x106
R,0xa328
W,0x10,0x34b0
R,0x10
R,0x34b0
R,0xc
W,0xc,0x107
R,0x34b8
W,0x10,0xcba0
R,0x10
R,0xcba0
R,0xc
W,0xc,0x108
R,0xcba8
W,0x10,0x6c40
R,0x10
R,0x6c40
R,0xc
W,0xc,0x109
R,0x6c48
W,0x10,0xb500
R,0x10
R,0xb500
R,0xc
W,0xc,0x10a
R,0xb508
W,0x10,0x9740
R,0x10
R,0x9740
R,0xc
W,0xc,0x10b
R,0x9748
W,0x10,0xc040
R,0x10
R,0xc040
R,0xc
W,0xc,0x10c
R,0xc048
W,0x10,0x8d20
R,0x10
R,0x8d20
R,0xc
W,0xc,0x10d
R,0x8d28
W,0x10,0x1690
R,0x10
R,0x1690
R,0xc
W,0xc,0x10e
R,0x1698
W,0x10,0xf860
R,0x10
R,0xf860
R,0xc
W,0xc,0x10f
R,0xf868
W,0x10,0x13b0
R,0x10
R,0x13b0
R,0xc
W,0xc,0x110
R,0x13b8
W,0x10,0x6210
R,0x10
R,0x6210
R,0xc
W,0xc,0x111
R,0x6218
W,0x10,0x7e90
R,0x10
R,0x7e90
R,0xc
W,0xc,0x112
R,0x7e98
W,0x10,0x4670
R,0x10
R,0x4670
R,0xc
W,0xc,0x113
R,0x4678
W,0x10,0x4160
R,0x10
R,0x4160
R,0xc
W,0xc,0x114
R,0x4168
W,0x10,0x78d0
R,0x10
R,0x78d0
R,0xc
W,0xc,0x115
R,0x78d8
W,0x10,0x3ff0
R,0x10
R,0x3ff0
R,0xc
W,0xc,0x116
R,0x3ff8
W,0x10,0xf4c0
R,0x10
R,0xf4c0
R,0xc
W,0xc,0x117
R,0xf4c8
W,0x10,0xa2b0
R,0x10
R,0xa2b0
R,0xc
W,0xc,0x118
R,0xa2b8
W,0x10,0x51a0
R,0x10
R,0x51a0
R,0xc
W,0xc,0x119
R,0x51a8
W,0x10,0x5940
R,0x10
R,0x5940
R,0xc
W,0xc,0x11a
R,0x5948
W,0x10,0xfb30
R,0x10
R,0xfb30
R,0xc
W,0xc,0x11b
R,0xfb38
W,0x10,0xe990
R,0x10
R,0xe990
R,0xc
W,0xc,0x11c
R,0xe998
W,0x10,0x87d0
R,0x10
R,0x87d0
R,0xc
W,0xc,0x11d
R,0x87d8
W,0x10,0xa5a0
R,0x10
R,0xa5a0
R,0xc
W,0xc,0x11e
R,0xa5a8
W,0x10,0xeb70
R,0x10
R,0xeb70
R,0xc
W,0xc,0x11f
R,0xeb78
W,0x10,0x6420
R,0x10
R,0x6420
R,0xc
W,0xc,0x120
R,0x6428
W,0x10,0x9870
R,0x10
R,0x9870
R,0xc
W,0xc,0x121
R,0x9878
W,0x10,0xae20
R,0x10
R,0xae20
R,0xc
W,0xc,0x122
R,0xae28
W,0x10,0xb050
R,0x10
R,0xb050
R,0xc
W,0xc,0x123
R,0xb058
W,0x10,0x8c90
R,0x10
R,0x8c90
R,0xc
W,0xc,0x124
R,0x8c98
W,0x10,0x7350
R,0x10
R,0x7350
R,0xc
W,0xc,0x125
R,0x7358
W,0x10,0xb870
R,0x10
R,0xb870
R,0xc
W,0xc,0x126
R,0xb878
W,0x10,0xd2a0
R,0x10
R,0xd2a0
R,0xc
W,0xc,0x127
R,0xd2a8
W,0x10,0xfc90
R,0x10
R,0xfc90
R,0xc
W,0xc,0x128
R,0xfc98
W,0x10,0x3610
R,0x10
R,0x3610
R,0xc
W,0xc,0x129
R,0x3618
W,0x10,0xa8c0
R,0x10
R,0xa8c0
R,0xc
W,0xc,0x12a
R,0xa8c8
W,0x10,0xa610
R,0x10
R,0xa610
R,0xc
W,0xc,0x12b
R,0xa618
W,0x10,0x6470
R,0x10
R,0x6470
R,0xc
W,0xc,0x12c
R,0x6478
W,0x10,0xd060
R,0x10
R,0xd060
R,0xc
W,0xc,0x12d
R,0xd068
W,0x10,0xa930
R,0x10
R,0xa930
R,0xc
W,0xc,0x12e
R,0xa938
W,0x10,0x1280
R,0x10
R,0x1280
R,0xc
W,0xc,0x12f
R,0x1288
W,0x10,0xb620
R,0x10
R,0xb620
R,0xc
W,0xc,0x130
R,0xb628
W,0x10,0x4460
R,0x10
R,0x4460
R,0xc
W,0xc,0x131
R,0x4468
W,0x10,0x107d0
R,0x10
R,0x107d0
R,0xc
W,0xc,0x132
R,0x107d8
W,0x10,0x8ec0
R,0x10
R,0x8ec0
R,0xc
W,0xc,0x133
R,0x8ec8
W,0x10,0x6440
R,0x10
R,0x6440
R,0xc
W,0xc,0x134
R,0x6448
W,0x10,0x8140
R,0x10
R,0x8140
R,0xc
W,0xc,0x135
R,0x8148
W,0x10,0x1ad0
R,0x10
R,0x1ad0
R,0xc
W,0xc,0x136
R,0x1ad8
W,0x10,0x3270
R,0x10
R,0x3270
R,0xc
W,0xc,0x137
R,0x3278
W,0x10,0xb980
R,0x10
R,0xb980
R,0xc
W,0xc,0x138
R,0xb988
W,0x10,0x7430
R,0x10
R,0x7430
R,0xc
W,0xc,0x139
R,0x7438
W,0x10,0xb640
R,0x10
R,0xb640
R,0xc
W,0xc,0x13a
R,0xb648
W,0x10,0x1230
R,0x10
R,0x1230
R,0xc
W,0xc,0x13b
R,0x1238
W,0x10,0x105f0
R,0x10
R,0x105f0
R,0xc
W,0xc,0x13c
R,0x105f8
W,0x10,0x10060
R,0x10
R,0x10060
R,0xc
W,0xc,0x13d
R,0x10068
W,0x10,0xc740
R,0x10
R,0xc740
R,0xc
W,0xc,0x13e
R,0xc748
W,0x10,0x4910
R,0x10
R,0x4910
R,0xc
W,0xc,0x13f
R,0x4918
W,0x10,0x2c80
R,0x10
R,0x2c80
R,0xc
W,0xc,0x140
R,0x2c88
W,0x10,0xb2a0
R,0x10
R,0xb2a0
R,0xc
W,0xc,0x141
R,0xb2a8
W,0x10,0xcf90
R,0x10
R,0xcf90
R,0xc
W,0xc,0x142
R,0xcf98
W,0x10,0x8900
R,0x10
R,0x8900
R,0xc
W,0xc,0x143
R,0x8908
W,0x10,0xd3b0
R,0x10
R,0xd3b0
R,0xc
W,0xc,0x144
R,0xd3b8
W,0x10,0x10180
R,0x10
R,0x10180
R,0xc
W,0xc,0x145
R,0x10188
W,0x10,0xfa30
R,0x10
R,0xfa30
R,0xc
W,0xc,0x146
R,0xfa38
W,0x10,0xa180
R,0x10
R,0xa180
R,0xc
W,0xc,0x147
R,0xa188
W,0x10,0xe130
R,0x10
R,0xe130
R,0xc
W,0xc,0x148
R,0xe138
W,0x10,0xc670
R,0x10
R,0xc670
R,0xc
W,0xc,0x149
R,0xc678
W,0x10,0x9730
R,0x10
R,0x9730
R,0xc
W,0xc,0x14a
R,0x9738
W,0x10,0x94a0
R,0x10
R,0x94a0
R,0xc
W,0xc,0x14b
R,0x94a8
W,0x10,0x8450
R,0x10
R,0x8450
R,0xc
W,0xc,0x14c
R,0x8458
W,0x10,0x9220
R,0x10
R,0x9220
R,0xc
W,0xc,0x14d
R,0x9228
W,0x10,0x8da0
R,0x10
R,0x8da0
R,0xc
W,0xc,0x14e
R,0x8da8
W,0x10,0xcf00
R,0x10
R,0xcf00
R,0xc
W,0xc,0x14f
R,0xcf08
W,0x10,0x4350
R,0x10
R,0x4350
R,0xc
W,0xc,0x150
R,0x4358
W,0x10,0xa900
R,0x10
R,0xa900
R,0xc
W,0xc,0x151
R,0xa908
W,0x10,0x8e00
R,0x10
R,0x8e00
R,0xc
W,0xc,0x152
R,0x8e08
W,0x10,0x4770
R,0x10
R,0x4770
R,0xc
W,0xc,0x153
R,0x4778
W,0x10,0x3970
R,0x10
R,0x3970
R,0xc
W,0xc,0x154
R,0x3978
W,0x10,0x4fe0
R,0x10
R,0x4fe0
R,0xc
W,0xc,0x155
R,0x4fe8
W,0x10,0xb3e0
R,0x10
R,0xb3e0
R,0xc
W,0xc,0x156
R,0xb3e8
W,0x10,0xe260
R,0x10
R,0xe260
R,0xc
W,0xc,0x157
R,0xe268
W,0x10,0x4ff0
R,0x10
R,0x4ff0
R,0xc
W,0xc,0x158
R,0x4ff8
W,0x10,0xc860
R,0x10
R,0xc860
R,0xc
W,0xc,0x159
R,0xc868
W,0x10,0xd5a0
R,0x10
R,0xd5a0
R,0xc
W,0xc,0x15a
R,0xd5a8
W,0x10,0xcb30
R,0x10
R,0xcb30
R,0xc
W,0xc,0x15b
R,0xcb38
W,0x10,0x61a0
R,0x10
R,0x61a0
R,0xc
W,0xc,0x15c
R,0x61a8
W,0x10,0xeec0
R,0x10
R,0xeec0
R,0xc
W,0xc,0x15d
R,0xeec8
W,0x10,0xdf00
R,0x10
R,0xdf00
R,0xc
W,0xc,0x15e
R,0xdf08
W,0x10,0x65c0
R,0x10
R,0x65c0
R,0xc
W,0xc,0x15f
R,0x65c8
W,0x10,0x10b00
R,0x10
R,0x10b00
R,0xc
W,0xc,0x160
R,0x10b08
W,0x10,0x6da0
R,0x10
R,0x6da0
R,0xc
W,0xc,0x161
R,0x6da8
W,0x10,0xfc60
R,0x10
R,0xfc60
R,0xc
W,0xc,0x162
R,0xfc68
W,0x10,0xd580
R,0x10
R,0xd580
R,0xc
W,0xc,0x163
R,0xd588
W,0x10,0x6860
R,0x10
R,0x6860
R,0xc
W,0xc,0x164
R,0x6868
W,0x10,0x9db0
R,0x10
R,0x9db0
R,0xc
W,0xc,0x165
R,0x9db8
W,0x10,0x2df0
R,0x10
R,0x2df0
R,0xc
W,0xc,0x166
R,0x2df8
W,0x10,0x8240
R,0x10
R,0x8240
R,0xc
W,0xc,0x167
R,0x8248
W,0x10,0x3e50
R,0x10
R,0x3e50
R,0xc
W,0xc,0x168
R,0x3e58
W,0x10,0x9ad0
R,0x10
R,0x9ad0
R,0xc
W,0xc,0x169
R,0x9ad8
W,0x10,0x2190
R,0x10
R,0x2190
R,0xc
W,0xc,0x16a
R,0x2198
W,0x10,0x4500
R,0x10
R,0x4500
R,0xc
W,0xc,0x16b
R,0x4508
W,0x10,0xa310
R,0x10
R,0xa310
R,0xc
W,0xc,0x16c
R,0xa318
W,0x10,0xc200
R,0x10
R,0xc200
R,0xc
W,0xc,0x16d
R,0xc208
W,0x10,0x1dd0
R,0x10
R,0x1dd0
R,0xc
W,0xc,0x16e
R,0x1dd8
W,0x10,0xf7c0
R,0x10
R,0xf7c0
R,0xc
W,0xc,0x16f
R,0xf7c8
W,0x10,0x20d0
R,0x10
R,0x20d0
R,0xc
W,0xc,0x170
R,0x20d8
W,0x10,0xf2f0
R,0x10
R,0xf2f0
R,0xc
W,0xc,0x171
R,0xf2f8
W,0x10,0xcd60
R,0x10
R,0xcd60
R,0xc
W,0xc,0x172
R,0xcd68
W,0x10,0x8e20
R,0x10
R,0x8e20
R,0xc
W,0xc,0x173
R,0x8e28
W,0x10,0x10ec0
R,0x10
R,0x10ec0
R,0xc
W,0xc,0x174
R,0x10ec8
W,0x10,0xee30
R,0x10
R,0xee30
R,0xc
W,0xc,0x175
R,0xee38
W,0x10,0xb510
R,0x10
R,0xb510
R,0xc
W,0xc,0x176
R,0xb518
W,0x10,0xbad0
R,0x10
R,0xbad0
R,0xc
W,0xc,0x177
R,0xbad8
W,0x10,0xf4d0
R,0x10
R,0xf4d0
R,0xc
W,0xc,0x178
R,0xf4d8
W,0x10,0x2a50
R,0x10
R,0x2a50
R,0xc
W,0xc,0x179
R,0x2a58
W,0x10,0x3d80
R,0x10
R,0x3d80
R,0xc
W,0xc,0x17a
R,0x3d88
W,0x10,0x8de0
R,0x10
R,0x8de0
R,0xc
W,0xc,0x17b
R,0x8de8
W,0x10,0x3e70
R,0x10
R,0x3e70
R,0xc
W,0xc,0x17c
R,0x3e78
W,0x10,0xd510
R,0x10
R,0xd510
R,0xc
W,0xc,0x17d
R,0xd518
W,0x10,0xaf40
R,0x10
R,0xaf40
R,0xc
W,0xc,0x17e
R,0xaf48
W,0x10,0x53c0
R,0x10
R,0x53c0
R,0xc
W,0xc,0x17f
R,0x53c8
W,0x10,0x5cf0
R,0x10
R,0x5cf0
R,0xc
W,0xc,0x180
R,0x5cf8
W,0x10,0x8600
R,0x10
R,0x8600
R,0xc
W,0xc,0x181
R,0x8608
W,0x10,0x7fa0
R,0x10
R,0x7fa0
R,0xc
W,0xc,0x182
R,0x7fa8
W,0x10,0x1dc0
R,0x10
R,0x1dc0
R,0xc
W,0xc,0x183
R,0x1dc8
W,0x10,0x9d90
R,0x10
R,0x9d90
R,0xc
W,0xc,0x184
R,0x9d98
W,0x10,0x1080
R,0x10
R,0x1080
R,0xc
W,0xc,0x185
R,0x1088
W,0x10,0x58a0
R,0x10
R,0x58a0
R,0xc
W,0xc,0x186
R,0x58a8
W,0x10,0x5240
R,0x10
R,0x5240
R,0xc
W,0xc,0x187
R,0x5248
W,0x10,0x3250
R,0x10
R,0x3250
R,0xc
W,0xc,0x188
R,0x3258
W,0x10,0x108e0
R,0x10
R,0x108e0
R,0xc
W,0xc,0x189
R,0x108e8
W,0x10,0x3e90
R,0x10
R,0x3e90
R,0xc
W,0xc,0x18a
R,0x3e98
W,0x10,0x1760
R,0x10
R,0x1760
R,0xc
W,0xc,0x18b
R,0x1768
W,0x10,0x7990
R,0x10
R,0x7990
R,0xc
W,0xc,0x18c
R,0x7998
W,0x10,0xf9b0
R,0x10
R,0xf9b0
R,0xc
W,0xc,0x18d
R,0xf9b8
W,0x10,0x15b0
R,0x10
R,0x15b0
R,0xc
W,0xc,0x18e
R,0x15b8
W,0x10,0x7920
R,0x10
R,0x7920
R,0xc
W,0xc,0x18f
R,0x7928
W,0x10,0x10d0
R,0x10
R,0x10d0
R,0xc
W,0xc,0x190
R,0x10d8
W,0x10,0x2850
R,0x10
R,0x2850
R,0xc
W,0xc,0x191
R,0x2858
W,0x10,0x9cf0
R,0x10
R,0x9cf0
R,0xc
W,0xc,0x192
R,0x9cf8
W,0x10,0xd670
R,0x10
R,0xd670
R,0xc
W,0xc,0x193
R,0xd678
W,0x10,0x10a20
R,0x10
R,0x10a20
R,0xc
W,0xc,0x194
R,0x10a28
W,0x10,0x13c0
R,0x10
R,0x13c0
R,0xc
W,0xc,0x195
R,0x13c8
W,0x10,0xd020
R,0x10
R,0xd020
R,0xc
W,0xc,0x196
R,0xd028
W,0x10,0xdbf0
R,0x10
R,0xdbf0
R,0xc
W,0xc,0x197
R,0xdbf8
W,0x10,0x5b70
R,0x10
R,0x5b70
R,0xc
W,0xc,0x198
R,0x5b78
W,0x10,0x6e90
R,0x10
R,0x6e90
R,0xc
W,0xc,0x199
R,0x6e98
W,0x10,0xffe0
R,0x10
R,0xffe0
R,0xc
W,0xc,0x19a
R,0xffe8
W,0x10,0xdaa0
R,0x10
R,0xdaa0
R,0xc
W,0xc,0x19b
R,0xdaa8
W,0x10,0xf810
R,0x10
R,0xf810
R,0xc
W,0xc,0x19c
R,0xf818
W,0x10,0x11b0
R,0x10
R,0x11b0
R,0xc
W,0xc,0x19d
R,0x11b8
W,0x10,0xf620
R,0x10
R,0xf620
R,0xc
W,0xc,0x19e
R,0xf628
W,0x10,0xcd70
R,0x10
R,0xcd70
R,0xc
W,0xc,0x19f
R,0xcd78
W,0x10,0x9760
R,0x10
R,0x9760
R,0xc
W,0xc,0x1a0
R,0x9768
W,0x10,0x6600
R,0x10
R,0x6600
R,0xc
W,0xc,0x1a1
R,0x6608
W,0x10,0x10fd0
R,0x10
R,0x10fd0
R,0xc
W,0xc,0x1a2
R,0x10fd8
W,0x10,0xa680
R,0x10
R,0xa680
R,0xc
W,0xc,0x1a3
R,0xa688
W,0x10,0xabf0
R,0x10
R,0xabf0
R,0xc
W,0xc,0x1a4
R,0xabf8
W,0x10,0x3260
R,0x10
R,0x3260
R,0xc
W,0xc,0x1a5
R,0x3268
W,0x10,0xfda0
R,0x10
R,0xfda0
R,0xc
W,0xc,0x1a6
R,0xfda8
W,0x10,0x8ab0
R,0x10
R,0x8ab0
R,0xc
W,0xc,0x1a7
R,0x8ab8
W,0x10,0x3300
R,0x10
R,0x3300
R,0xc
W,0xc,0x1a8
R,0x3308
W,0x10,0x2940
R,0x10
R,0x2940
R,0xc
W,0xc,0x1a9
R,0x2948
W,0x10,0x4220
R,0x10
R,0x4220
R,0xc
W,0xc,0x1aa
R,0x4228
W,0x10,0x61f0
R,0x10
R,0x61f0
R,0xc
W,0xc,0x1ab
R,0x61f8
W,0x10,0x83f0
R,0x10
R,0x83f0
R,0xc
W,0xc,0x1ac
R,0x83f8
W,0x10,0x3240
R,0x10
R,0x3240
R,0xc
W,0xc,0x1ad
R,0x3248
W,0x10,0x9390
R,0x10
R,0x9390
R,0xc
W,0xc,0x1ae
R,0x9398
W,0x10,0xbc20
R,0x10
R,0xbc20
R,0xc
W,0xc,0x1af
R,0xbc28
W,0x10,0x7c50
R,0x10
R,0x7c50
R,0xc
W,0xc,0x1b0
R,0x7c58
W,0x10,0xeac0
R,0x10
R,0xeac0
R,0xc
W,0xc,0x1b1
R,0xeac8
W,0x10,0x5530
R,0x10
R,0x5530
R,0xc
W,0xc,0x1b2
R,0x5538
W,0x10,0xd9a0
R,0x10
R,0xd9a0
R,0xc
W,0xc,0x1b3
R,0xd9a8
W,0x10,0xca70
R,0x10
R,0xca70
R,0xc
W,0xc,0x1b4
R,0xca78
W,0x10,0xaca0
R,0x10
R,0xaca0
R,0xc
W,0xc,0x1b5
R,0xaca8
W,0x10,0xf5b0
R,0x10
R,0xf5b0
R,0xc
W,0xc,0x1b6
R,0xf5b8
W,0x10,0xcc30
R,0x10
R,0xcc30
R,0xc
W,0xc,0x1b7
R,0xcc38
W,0x10,0x75f0
R,0x10
R,0x75f0
R,0xc
W,0xc,0x1b8
R,0x75f8
W,0x10,0xf890
R,0x10
R,0xf890
R,0xc
W,0xc,0x1b9
R,0xf898
W,0x10,0x7720
R,0x10
R,0x7720
R,0xc
W,0xc,0x1ba
R,0x7728
W,0x10,0xef20
R,0x10
R,0xef20
R,0xc
W,0xc,0x1bb
R,0xef28
W,0x10,0xef80
R,0x10
R,0xef80
R,0xc
W,0xc,0x1bc
R,0xef88
W,0x10,0x40d0
R,0x10
R,0x40d0
R,0xc
W,0xc,0x1bd
R,0x40d8
W,0x10,0x23e0
R,0x10
R,0x23e0
R,0xc
W,0xc,0x1be
R,0x23e8
W,0x10,0x8910
R,0x10
R,0x8910
R,0xc
W,0xc,0x1bf
R,0x8918
W,0x10,0x7390
R,0x10
R,0x7390
R,0xc
W,0xc,0x1c0
R,0x7398
W,0x10,0x4890
R,0x10
R,0x4890
R,0xc
W,0xc,0x1c1
R,0x4898
W,0x10,0x2700
R,0x10
R,0x2700
R,0xc
W,0xc,0x1c2
R,0x2708
W,0x10,0x6300
R,0x10
R,0x6300
R,0xc
W,0xc,0x1c3
R,0x6308
W,0x10,0x104e0
R,0x10
R,0x104e0
R,0xc
W,0xc,0x1c4
R,0x104e8
W,0x10,0xffa0
R,0x10
R,0xffa0
R,0xc
W,0xc,0x1c5
R,0xffa8
W,0x10,0x9f50
R,0x10
R,0x9f50
R,0xc
W,0xc,0x1c6
R,0x9f58
W,0x10,0x6580
R,0x10
R,0x6580
R,0xc
W,0xc,0x1c7
R,0x6588
W,0x10,0x6a80
R,0x10
R,0x6a80
R,0xc
W,0xc,0x1c8
R,0x6a88
W,0x10,0xd9f0
R,0x10
R,0xd9f0
R,0xc
W,0xc,0x1c9
R,0xd9f8
W,0x10,0x7f10
R,0x10
R,0x7f10
R,0xc
W,0xc,0x1ca
R,0x7f18
W,0x10,0xf660
R,0x10
R,0xf660
R,0xc
W,0xc,0x1cb
R,0xf668
W,0x10,0x10ac0
R,0x10
R,0x10ac0
R,0xc
W,0xc,0x1cc
R,0x10ac8
W,0x10,0x73b0
R,0x10
R,0x73b0
R,0xc
W,0xc,0x1cd
R,0x73b8
W,0x10,0xb660
R,0x10
R,0xb660
R,0xc
W,0xc,0x1ce
R,0xb668
W,0x10,0x6d90
R,0x10
R,0x6d90
R,0xc
W,0xc,0x1cf
R,0x6d98
W,0x10,0x37c0
R,0x10
R,0x37c0
R,0xc
W,0xc,0x1d0
R,0x37c8
W,0x10,0xa690
R,0x10
R,0xa690
R,0xc
W,0xc,0x1d1
R,0xa698
W,0x10,0xd170
R,0x10
R,0xd170
R,0xc
W,0xc,0x1d2
R,0xd178
W,0x10,0xb760
R,0x10
R,0xb760
R,0xc
W,0xc,0x1d3
R,0xb768
W,0x10,0xc170
R,0x10
R,0xc170
R,0xc
W,0xc,0x1d4
R,0xc178
W,0x10,0x1b70
R,0x10
R,0x1b70
R,0xc
W,0xc,0x1d5
R,0x1b78
W,0x10,0xcae0
R,0x10
R,0xcae0
R,0xc
W,0xc,0x1d6
R,0xcae8
W,0x10,0xfb10
R,0x10
R,0xfb10
R,0xc
W,0xc,0x1d7
R,0xfb18
W,0x10,0x78b0
R,0x10
R,0x78b0
R,0xc
W,0xc,0x1d8
R,0x78b8
W,0x10,0x7850
R,0x10
R,0x7850
R,0xc
W,0xc,0x1d9
R,0x7858
W,0x10,0xc420
R,0x10
R,0xc420
R,0xc
W,0xc,0x1da
R,0xc428
W,0x10,0x10eb0
R,0x10
R,0x10eb0
R,0xc
W,0xc,0x1db
R,0x10eb8
W,0x10,0x29e0
R,0x10
R,0x29e0
R,0xc
W,0xc,0x1dc
R,0x29e8
W,0x10,0xc290
R,0x10
R,0xc290
R,0xc
W,0xc,0x1dd
R,0xc298
W,0x10,0xfc30
R,0x10
R,0xfc30
R,0xc
W,0xc,0x1de
R,0xfc38
W,0x10,0xdff0
R,0x10
R,0xdff0
R,0xc
W,0xc,0x1df
R,0xdff8
W,0x10,0x8440
R,0x10
R,0x8440
R,0xc
W,0xc,0x1e0
R,0x8448
W,0x10,0x4eb0
R,0x10
R,0x4eb0
R,0xc
W,0xc,0x1e1
R,0x4eb8
W,0x10,0x8a30
R,0x10
R,0x8a30
R,0xc
W,0xc,0x1e2
R,0x8a38
W,0x10,0x7c20
R,0x10
R,0x7c20
R,0xc
W,0xc,0x1e3
R,0x7c28
W,0x10,0xa3f0
R,0x10
R,0xa3f0
R,0xc
W,0xc,0x1e4
R,0xa3f8
W,0x10,0xe0b0
R,0x10
R,0xe0b0
R,0xc
W,0xc,0x1e5
R,0xe0b8
W,0x10,0xa590
R,0x10
R,0xa590
R,0xc
W,0xc,0x1e6
R,0xa598
W,0x10,0xa7b0
R,0x10
R,0xa7b0
R,0xc
W,0xc,0x1e7
R,0xa7b8
W,0x10,0xd550
R,0x10
R,0xd550
R,0xc
W,0xc,0x1e8
R,0xd558
W,0x10,0x48b0
R,0x10
R,0x48b0
R,0xc
W,0xc,0x1e9
R,0x48b8
W,0x10,0xa6f0
R,0x10
R,0xa6f0
R,0xc
W,0xc,0x1ea
R,0xa6f8
W,0x10,0x4bb0
R,0x10
R,0x4bb0
R,0xc
W,0xc,0x1eb
R,0x4bb8
W,0x10,0x74e0
R,0x10
R,0x74e0
R,0xc
W,0xc,0x1ec
R,0x74e8
W,0x10,0x6cb0
R,0x10
R,0x6cb0
R,0xc
W,0xc,0x1ed
R,0x6cb8
W,0x10,0x3b80
R,0x10
R,0x3b80
R,0xc
W,0xc,0x1ee
R,0x3b88
W,0x10,0xfa90
R,0x10
R,0xfa90
R,0xc
W,0xc,0x1ef
R,0xfa98
W,0x10,0xdb50
R,0x10
R,0xdb50
R,0xc
W,0xc,0x1f0
R,0xdb58
W,0x10,0x4680
R,0x10
R,0x4680
R,0xc
W,0xc,0x1f1
R,0x4688
W,0x10,0x3180
R,0x10
R,0x3180
R,0xc
W,0xc,0x1f2
R,0x3188
W,0x10,0xa920
R,0x10
R,0xa920
R,0xc
W,0xc,0x1f3
R,0xa928
W,0x10,0xcf80
R,0x10
R,0xcf80
R,0xc
W,0xc,0x1f4
R,0xcf88
W,0x10,0x23d0
R,0x10
R,0x23d0
R,0xc
W,0xc,0x1f5
R,0x23d8
W,0x10,0xf3f0
R,0x10
R,0xf3f0
R,0xc
W,0xc,0x1f6
R,0xf3f8
W,0x10,0x9580
R,0x10
R,0x9580
R,0xc
W,0xc,0x1f7
R,0x9588
W,0x10,0x100f0
R,0x10
R,0x100f0
R,0xc
W,0xc,0x1f8
R,0x100f8
W,0x10,0x4ed0
R,0x10
R,0x4ed0
R,0xc
W,0xc,0x1f9
R,0x4ed8
W,0x10,0x1890
R,0x10
R,0x1890
R,0xc
W,0xc,0x1fa
R,0x1898
W,0x10,0xf760
R,0x10
R,0xf760
R,0xc
W,0xc,0x1fb
R,0xf768
W,0x10,0x3710
R,0x10
R,0x3710
R,0xc
W,0xc,0x1fc
R,0x3718
W,0x10,0x5cd0
R,0x10
R,0x5cd0
R,0xc
W,0xc,0x1fd
R,0x5cd8
W,0x10,0xc210
R,0x10
R,0xc210
R,0xc
W,0xc,0x1fe
R,0xc218
W,0x10,0x18c0
R,0x10
R,0x18c0
R,0xc
W,0xc,0x1ff
R,0x18c8
W,0x10,0x14f0
R,0x10
R,0x14f0
R,0xc
W,0xc,0x200
R,0x14f8
W,0x10,0x8570
R,0x10
R,0x8570
R,0xc
W,0xc,0x201
R,0x8578
W,0x10,0x8890
R,0x10
R,0x8890
R,0xc
W,0xc,0x202
R,0x8898
W,0x10,0xfa00
R,0x10
R,0xfa00
R,0xc
W,0xc,0x203
R,0xfa08
W,0x10,0x69e0
R,0x10
R,0x69e0
R,0xc
W,0xc,0x204
R,0x69e8
W,0x10,0x92e0
R,0x10
R,0x92e0
R,0xc
W,0xc,0x205
R,0x92e8
W,0x10,0xafe0
R,0x10
R,0xafe0
R,0xc
W,0xc,0x206
R,0xafe8
W,0x10,0x7db0
R,0x10
R,0x7db0
R,0xc
W,0xc,0x207
R,0x7db8
W,0x10,0x6eb0
R,0x10
R,0x6eb0
R,0xc
W,0xc,0x208
R,0x6eb8
W,0x10,0xc540
R,0x10
R,0xc540
R,0xc
W,0xc,0x209
R,0xc548
W,0x10,0xf470
R,0x10
R,0xf470
R,0xc
W,0xc,0x20a
R,0xf478
W,0x10,0x8e40
R,0x10
R,0x8e40
R,0xc
W,0xc,0x20b
R,0x8e48
W,0x10,0x7270
R,0x10
R,0x7270
R,0xc
W,0xc,0x20c
R,0x7278
W,0x10,0x1560
R,0x10
R,0x1560
R,0xc
W,0xc,0x20d
R,0x1568
W,0x10,0x3ad0
R,0x10
R,0x3ad0
R,0xc
W,0xc,0x20e
R,0x3ad8
W,0x10,0x16d0
R,0x10
R,0x16d0
R,0xc
W,0xc,0x20f
R,0x16d8
W,0x10,0x98b0
R,0x10
R,0x98b0
R,0xc
W,0xc,0x210
R,0x98b8
W,0x10,0x10e70
R,0x10
R,0x10e70
R,0xc
W,0xc,0x211
R,0x10e78
W,0x10,0x7a40
R,0x10
R,0x7a40
R,0xc
W,0xc,0x212
R,0x7a48
W,0x10,0x18b0
R,0x10
R,0x18b0
R,0xc
W,0xc,0x213
R,0x18b8
W,0x10,0x1990
R,0x10
R,0x1990
R,0xc
W,0xc,0x214
R,0x1998
W,0x10,0xc9a0
R,0x10
R,0xc9a0
R,0xc
W,0xc,0x215
R,0xc9a8
W,0x10,0xc2e0
R,0x10
R,0xc2e0
R,0xc
W,0xc,0x216
R,0xc2e8
W,0x10,0xc830
R,0x10
R,0xc830
R,0xc
W,0xc,0x217
R,0xc838
W,0x10,0xe0a0
R,0x10
R,0xe0a0
R,0xc
W,0xc,0x218
R,0xe0a8
W,0x10,0xa1b0
R,0x10
R,0xa1b0
R,0xc
W,0xc,0x219
R,0xa1b8
W,0x10,0x23a0
R,0x10
R,0x23a0
R,0xc
W,0xc,0x21a
R,0x23a8
W,0x10,0x1530
R,0x10
R,0x1530
R,0xc
W,0xc,0x21b
R,0x1538
W,0x10,0xf230
R,0x10
R,0xf230
R,0xc
W,0xc,0x21c
R,0xf238
W,0x10,0x1210
R,0x10
R,0x1210
R,0xc
W,0xc,0x21d
R,0x1218
W,0x10,0xd570
R,0x10
R,0xd570
R,0xc
W,0xc,0x21e
R,0xd578
W,0x10,0xdaf0
R,0x10
R,0xdaf0
R,0xc
W,0xc,0x21f
R,0xdaf8
W,0x10,0x11d0
R,0x10
R,0x11d0
R,0xc
W,0xc,0x220
R,0x11d8
W,0x10,0xe830
R,0x10
R,0xe830
R,0xc
W,0xc,0x221
R,0xe838
W,0x10,0xe5d0
R,0x10
R,0xe5d0
R,0xc
W,0xc,0x222
R,0xe5d8
W,0x10,0x1550
R,0x10
R,0x1550
R,0xc
W,0xc,0x223
R,0x1558
W,0x10,0x12b0
R,0x10
R,0x12b0
R,0xc
W,0xc,0x224
R,0x12b8
W,0x10,0xbd30
R,0x10
R,0xbd30
R,0xc
W,0xc,0x225
R,0xbd38
W,0x10,0xdda0
R,0x10
R,0xdda0
R,0xc
W,0xc,0x226
R,0xdda8
W,0x10,0xbe30
R,0x10
R,0xbe30
R,0xc
W,0xc,0x227
R,0xbe38
W,0x10,0x1ba0
R,0x10
R,0x1ba0
R,0xc
W,0xc,0x228
R,0x1ba8
W,0x10,0x7f50
R,0x10
R,0x7f50
R,0xc
W,0xc,0x229
R,0x7f58
W,0x10,0x4980
R,0x10
R,0x4980
R,0xc
W,0xc,0x22a
R,0x4988
W,0x10,0x3590
R,0x10
R,0x3590
R,0xc
W,0xc,0x22b
R,0x3598
W,0x10,0x84f0
R,0x10
R,0x84f0
R,0xc
W,0xc,0x22c
R,0x84f8
W,0x10,0x101c0
R,0x10
R,0x101c0
R,0xc
W,0xc,0x22d
R,0x101c8
W,0x10,0x5e20
R,0x10
R,0x5e20
R,0xc
W,0xc,0x22e
R,0x5e28
W,0x10,0xd450
R,0x10
R,0xd450
R,0xc
W,0xc,0x22f
R,0xd458
W,0x10,0x4d70
R,0x10
R,0x4d70
R,0xc
W,0xc,0x230
R,0x4d78
W,0x10,0xa060
R,0x10
R,0xa060
R,0xc
W,0xc,0x231
R,0xa068
W,0x10,0x1af0
R,0x10
R,0x1af0
R,0xc
W,0xc,0x232
R,0x1af8
W,0x10,0xa3c0
R,0x10
R,0xa3c0
R,0xc
W,0xc,0x233
R,0xa3c8
W,0x10,0xb310
R,0x10
R,0xb310
R,0xc
W,0xc,0x234
R,0xb318
W,0x10,0x9d40
R,0x10
R,0x9d40
R,0xc
W,0xc,0x235
R,0x9d48
W,0x10,0x4900
R,0x10
R,0x4900
R,0xc
W,0xc,0x236
R,0x4908
W,0x10,0x3ca0
R,0x10
R,0x3ca0
R,0xc
W,0xc,0x237
R,0x3ca8
W,0x10,0x4540
R,0x10
R,0x4540
R,0xc
W,0xc,0x238
R,0x4548
W,0x10,0xd370
R,0x10
R,0xd370
R,0xc
W,0xc,0x239
R,0xd378
W,0x10,0x55d0
R,0x10
R,0x55d0
R,0xc
W,0xc,0x23a
R,0x55d8
W,0x10,0xc1d0
R,0x10
R,0xc1d0
R,0xc
W,0xc,0x23b
R,0xc1d8
W,0x10,0x5ea0
R,0x10
R,0x5ea0
R,0xc
W,0xc,0x23c
R,0x5ea8
W,0x10,0xed70
R,0x10
R,0xed70
R,0xc
W,0xc,0x23d
R,0xed78
W,0x10,0x9b00
R,0x10
R,0x9b00
R,0xc
W,0xc,0x23e
R,0x9b08
W,0x10,0xca30
R,0x10
R,0xca30
R,0xc
W,0xc,0x23f
R,0xca38
W,0x10,0xc8f0
R,0x10
R,0xc8f0
R,0xc
W,0xc,0x240
R,0xc8f8
W,0x10,0x1910
R,0x10
R,0x1910
R,0xc
W,0xc,0x241
R,0x1918
W,0x10,0x15e0
R,0x10
R,0x15e0
R,0xc
W,0xc,0x242
R,0x15e8
W,0x10,0x98a0
R,0x10
R,0x98a0
R,0xc
W,0xc,0x243
R,0x98a8
W,0x10,0x9b20
R,0x10
R,0x9b20
R,0xc
W,0xc,0x244
R,0x9b28
W,0x10,0x6350
R,0x10
R,0x6350
R,0xc
W,0xc,0x245
R,0x6358
W,0x10,0x2460
R,0x10
R,0x2460
R,0xc
W,0xc,0x246
R,0x2468
W,0x10,0x3fe0
R,0x10
R,0x3fe0
R,0xc
W,0xc,0x247
R,0x3fe8
W,0x10,0xa4e0
R,0x10
R,0xa4e0
R,0xc
W,0xc,0x248
R,0xa4e8
W,0x10,0x3740
R,0x10
R,0x3740
R,0xc
W,0xc,0x249
R,0x3748
W,0x10,0x9ff0
R,0x10
R,0x9ff0
R,0xc
W,0xc,0x24a
R,0x9ff8
W,0x10,0x107b0
R,0x10
R,0x107b0
R,0xc
W,0xc,0x24b
R,0x107b8
W,0x10,0x2260
R,0x10
R,0x2260
R,0xc
W,0xc,0x24c
R,0x2268
W,0x10,0x4b40
R,0x10
R,0x4b40
R,0xc
W,0xc,0x24d
R,0x4b48
W,0x10,0xe640
R,0x10
R,0xe640
R,0xc
W,0xc,0x24e
R,0xe648
W,0x10,0xebe0
R,0x10
R,0xebe0
R,0xc
W,0xc,0x24f
R,0xebe8
W,0x10,0x4820
R,0x10
R,0x4820
R,0xc
W,0xc,0x250
R,0x4828
W,0x10,0xa0a0
R,0x10
R,0xa0a0
R,0xc
W,0xc,0x251
R,0xa0a8
W,0x10,0xf510
R,0x10
R,0xf510
R,0xc
W,0xc,0x252
R,0xf518
W,0x10,0x6b50
R,0x10
R,0x6b50
R,0xc
W,0xc,0x253
R,0x6b58
W,0x10,0xe1f0
R,0x10
R,0xe1f0
R,0xc
W,0xc,0x254
R,0xe1f8
W,0x10,0xf9e0
R,0x10
R,0xf9e0
R,0xc
W,0xc,0x255
R,0xf9e8
W,0x10,0xc440
R,0x10
R,0xc440
R,0xc
W,0xc,0x256
R,0xc448
W,0x10,0xd2f0
R,0x10
R,0xd2f0
R,0xc
W,0xc,0x257
R,0xd2f8
W,0x10,0xcac0
R,0x10
R,0xcac0
R,0xc
W,0xc,0x258
R,0xcac8
W,0x10,0x10d60
R,0x10
R,0x10d60
R,0xc
W,0xc,0x259
R,0x10d68
W,0x10,0x8430
R,0x10
R,0x8430
R,0xc
W,0xc,0x25a
R,0x8438
W,0x10,0x1f60
R,0x10
R,0x1f60
R,0xc
W,0xc,0x25b
R,0x1f68
W,0x10,0x4730
R,0x10
R,0x4730
R,0xc
W,0xc,0x25c
R,0x4738
W,0x10,0x67a0
R,0x10
R,0x67a0
R,0xc
W,0xc,0x25d
R,0x67a8
W,0x10,0xd310
R,0x10
R,0xd310
R,0xc
W,0xc,0x25e
R,0xd318
W,0x10,0x71b0
R,0x10
R,0x71b0
R,0xc
W,0xc,0x25f
R,0x71b8
W,0x10,0xd1b0
R,0x10
R,0xd1b0
R,0xc
W,0xc,0x260
R,0xd1b8
W,0x10,0x7aa0
R,0x10
R,0x7aa0
R,0xc
W,0xc,0x261
R,0x7aa8
W,0x10,0x4dc0
R,0x10
R,0x4dc0
R,0xc
W,0xc,0x262
R,0x4dc8
W,0x10,0xe1d0
R,0x10
R,0xe1d0
R,0xc
W,0xc,0x263
R,0xe1d8
W,0x10,0x2950
R,0x10
R,0x2950
R,0xc
W,0xc,0x264
R,0x2958
W,0x10,0xa600
R,0x10
R,0xa600
R,0xc
W,0xc,0x265
R,0xa608
W,0x10,0xa440
R,0x10
R,0xa440
R,0xc
W,0xc,0x266
R,0xa448
W,0x10,0x5890
R,0x10
R,0x5890
R,0xc
W,0xc,0x267
R,0x5898
W,0x10,0xfb60
R,0x10
R,0xfb60
R,0xc
W,0xc,0x268
R,0xfb68
W,0x10,0x6060
R,0x10
R,0x6060
R,0xc
W,0xc,0x269
R,0x6068
W,0x10,0x3890
R,0x10
R,0x3890
R,0xc
W,0xc,0x26a
R,0x3898
W,0x10,0x9920
R,0x10
R,0x9920
R,0xc
W,0xc,0x26b
R,0x9928
W,0x10,0xe390
R,0x10
R,0xe390
R,0xc
W,0xc,0x26c
R,0xe398
W,0x10,0x3500
R,0x10
R,0x3500
R,0xc
W,0xc,0x26d
R,0x3508
W,0x10,0x79a0
R,0x10
R,0x79a0
R,0xc
W,0xc,0x26e
R,0x79a8
W,0x10,0x8590
R,0x10
R,0x8590
R,0xc
W,0xc,0x26f
R,0x8598
W,0x10,0xdfd0
R,0x10
R,0xdfd0
R,0xc
W,0xc,0x270
R,0xdfd8
W,0x10,0xa6e0
R,0x10
R,0xa6e0
R,0xc
W,0xc,0x271
R,0xa6e8
W,0x10,0x10820
R,0x10
R,0x10820
R,0xc
W,0xc,0x272
R,0x10828
W,0x10,0x7090
R,0x10
R,0x7090
R,0xc
W,0xc,0x273
R,0x7098
W,0x10,0x2860
R,0x10
R,0x2860
R,0xc
W,0xc,0x274
R,0x2868
W,0x10,0xcb70
R,0x10
R,0xcb70
R,0xc
W,0xc,0x275
R,0xcb78
W,0x10,0x32e0
R,0x10
R,0x32e0
R,0xc
W,0xc,0x276
R,0x32e8
W,0x10,0x105c0
R,0x10
R,0x105c0
R,0xc
W,0xc,0x277
R,0x105c8
W,0x10,0x3390
R,0x10
R,0x3390
R,0xc
W,0xc,0x278
R,0x3398
W,0x10,0xc4f0
R,0x10
R,0xc4f0
R,0xc
W,0xc,0x279
R,0xc4f8
W,0x10,0x50f0
R,0x10
R,0x50f0
R,0xc
W,0xc,0x27a
R,0x50f8
W,0x10,0xb990
R,0x10
R,0xb990
R,0xc
W,0xc,0x27b
R,0xb998
W,0x10,0x1cf0
R,0x10
R,0x1cf0
R,0xc
W,0xc,0x27c
R,0x1cf8
W,0x10,0x4b80
R,0x10
R,0x4b80
R,0xc
W,0xc,0x27d
R,0x4b88
W,0x10,0xcef0
R,0x10
R,0xcef0
R,0xc
W,0xc,0x27e
R,0xcef8
W,0x10,0x1900
R,0x10
R,0x1900
R,0xc
W,0xc,0x27f
R,0x1908
W,0x10,0xa4f0
R,0x10
R,0xa4f0
R,0xc
W,0xc,0x280
R,0xa4f8
W,0x10,0x68c0
R,0x10
R,0x68c0
R,0xc
W,0xc,0x281
R,0x68c8
W,0x10,0x7940
R,0x10
R,0x7940
R,0xc
W,0xc,0x282
R,0x7948
W,0x10,0xad20
R,0x10
R,0xad20
R,0xc
W,0xc,0x283
R,0xad28
W,0x10,0xb2e0
R,0x10
R,0xb2e0
R,0xc
W,0xc,0x284
R,0xb2e8
W,0x10,0x6b90
R,0x10
R,0x6b90
R,0xc
W,0xc,0x285
R,0x6b98
W,0x10,0x6150
R,0x10
R,0x6150
R,0xc
W,0xc,0x286
R,0x6158
W,0x10,0xe300
R,0x10
R,0xe300
R,0xc
W,0xc,0x287
R,0xe308
W,0x10,0x63a0
R,0x10
R,0x63a0
R,0xc
W,0xc,0x288
R,0x63a8
W,0x10,0xf3d0
R,0x10
R,0xf3d0
R,0xc
W,0xc,0x289
R,0xf3d8
W,0x10,0xfaa0
R,0x10
R,0xfaa0
R,0xc
W,0xc,0x28a
R,0xfaa8
W,0x10,0x1160
R,0x10
R,0x1160
R,0xc
W,0xc,0x28b
R,0x1168
W,0x10,0xb110
R,0x10
R,0xb110
R,0xc
W,0xc,0x28c
R,0xb118
W,0x10,0x14d0
R,0x10
R,0x14d0
R,0xc
W,0xc,0x28d
R,0x14d8
W,0x10,0xd210
R,0x10
R,0xd210
R,0xc
W,0xc,0x28e
R,0xd218
W,0x10,0xfaf0
R,0x10
R,0xfaf0
R,0xc
W,0xc,0x28f
R,0xfaf8
W,0x10,0x5640
R,0x10
R,0x5640
R,0xc
W,0xc,0x290
R,0x5648
W,0x10,0x3a20
R,0x10
R,0x3a20
R,0xc
W,0xc,0x291
R,0x3a28
W,0x10,0x81f0
R,0x10
R,0x81f0
R,0xc
W,0xc,0x292
R,0x81f8
W,0x10,0x84c0
R,0x10
R,0x84c0
R,0xc
W,0xc,0x293
R,0x84c8
W,0x10,0x48a0
R,0x10
R,0x48a0
R,0xc
W,0xc,0x294
R,0x48a8
W,0x10,0x2b90
R,0x10
R,0x2b90
R,0xc
W,0xc,0x295
R,0x2b98
W,0x10,0x5da0
R,0x10
R,0x5da0
R,0xc
W,0xc,0x296
R,0x5da8
W,0x10,0xb040
R,0x10
R,0xb040
R,0xc
W,0xc,0x297
R,0xb048
W,0x10,0x89b0
R,0x10
R,0x89b0
R,0xc
W,0xc,0x298
R,0x89b8
W,0x10,0x4cb0
R,0x10
R,0x4cb0
R,0xc
W,0xc,0x299
R,0x4cb8
W,0x10,0xebc0
R,0x10
R,0xebc0
R,0xc
W,0xc,0x29a
R,0xebc8
W,0x10,0x34d0
R,0x10
R,0x34d0
R,0xc
W,0xc,0x29b
R,0x34d8
W,0x10,0x1940
R,0x10
R,0x1940
R,0xc
W,0xc,0x29c
R,0x1948
W,0x10,0x7a80
R,0x10
R,0x7a80
R,0xc
W,0xc,0x29d
R,0x7a88
W,0x10,0x4380
R,0x10
R,0x4380
R,0xc
W,0xc,0x29e
R,0x4388
W,0x10,0xe560
R,0x10
R,0xe560
R,0xc
W,0xc,0x29f
R,0xe568
W,0x10,0x87e0
R,0x10
R,0x87e0
R,0xc
W,0xc,0x2a0
R,0x87e8
W,0x10,0xa8f0
R,0x10
R,0xa8f0
R,0xc
W,0xc,0x2a1
R,0xa8f8
W,0x10,0xdec0
R,0x10
R,0xdec0
R,0xc
W,0xc,0x2a2
R,0xdec8
W,0x10,0x10020
R,0x10
R,0x10020
R,0xc
W,0xc,0x2a3
R,0x10028
W,0x10,0x8330
R,0x10
R,0x8330
R,0xc
W,0xc,0x2a4
R,0x8338
W,0x10,0x1d20
R,0x10
R,0x1d20
R,0xc
W,0xc,0x2a5
R,0x1d28
W,0x10,0xc720
R,0x10
R,0xc720
R,0xc
W,0xc,0x2a6
R,0xc728
W,0x10,0xce80
R,0x10
R,0xce80
R,0xc
W,0xc,0x2a7
R,0xce88
W,0x10,0x4c50
R,0x10
R,0x4c50
R,0xc
W,0xc,0x2a8
R,0x4c58
W,0x10,0x8b30
R,0x10
R,0x8b30
R,0xc
W,0xc,0x2a9
R,0x8b38
W,0x10,0x9360
R,0x10
R,0x9360
R,0xc
W,0xc,0x2aa
R,0x9368
W,0x10,0x99a0
R,0x10
R,0x99a0
R,0xc
W,0xc,0x2ab
R,0x99a8
W,0x10,0x9420
R,0x10
R,0x9420
R,0xc
W,0xc,0x2ac
R,0x9428
W,0x10,0xebb0
R,0x10
R,0xebb0
R,0xc
W,0xc,0x2ad
R,0xebb8
W,0x10,0x4620
R,0x10
R,0x4620
R,0xc
W,0xc,0x2ae
R,0x4628
W,0x10,0xf8a0
R,0x10
R,0xf8a0
R,0xc
W,0xc,0x2af
R,0xf8a8
W,0x10,0xe230
R,0x10
R,0xe230
R,0xc
W,0xc,0x2b0
R,0xe238
W,0x10,0xd190
R,0x10
R,0xd190
R,0xc
W,0xc,0x2b1
R,0xd198
W,0x10,0x14b0
R,0x10
R,0x14b0
R,0xc
W,0xc,0x2b2
R,0x14b8
W,0x10,0x1510
R,0x10
R,0x1510
R,0xc
W,0xc,0x2b3
R,0x1518
W,0x10,0xb5a0
R,0x10
R,0xb5a0
R,0xc
W,0xc,0x2b4
R,0xb5a8
W,0x10,0x7f70
R,0x10
R,0x7f70
R,0xc
W,0xc,0x2b5
R,0x7f78
W,0x10,0x5610
R,0x10
R,0x5610
R,0xc
W,0xc,0x2b6
R,0x5618
W,0x10,0x1410
R,0x10
R,0x1410
R,0xc
W,0xc,0x2b7
R,0x1418
W,0x10,0xb520
R,0x10
R,0xb520
R,0xc
W,0xc,0x2b8
R,0xb528
W,0x10,0x98c0
R,0x10
R,0x98c0
R,0xc
W,0xc,0x2b9
R,0x98c8
W,0x10,0xd800
R,0x10
R,0xd800
R,0xc
W,0xc,0x2ba
R,0xd808
W,0x10,0x5a00
R,0x10
R,0x5a00
R,0xc
W,0xc,0x2bb
R,0x5a08
W,0x10,0x2b50
R,0x10
R,0x2b50
R,0xc
W,0xc,0x2bc
R,0x2b58
W,0x10,0xbff0
R,0x10
R,0xbff0
R,0xc
W,0xc,0x2bd
R,0xbff8
W,0x10,0x109b0
R,0x10
R,0x109b0
R,0xc
W,0xc,0x2be
R,0x109b8
W,0x10,0xad10
R,0x10
R,0xad10
R,0xc
W,0xc,0x2bf
R,0xad18
W,0x10,0x1620
R,0x10
R,0x1620
R,0xc
W,0xc,0x2c0
R,0x1628
W,0x10,0xc610
R,0x10
R,0xc610
R,0xc
W,0xc,0x2c1
R,0xc618
W,0x10,0x10d20
R,0x10
R,0x10d20
R,0xc
W,0xc,0x2c2
R,0x10d28
W,0x10,0x3bb0
R,0x10
R,0x3bb0
R,0xc
W,0xc,0x2c3
R,0x3bb8
W,0x10,0x5910
R,0x10
R,0x5910
R,0xc
W,0xc,0x2c4
R,0x5918
W,0x10,0x3b90
R,0x10
R,0x3b90
R,0xc
W,0xc,0x2c5
R,0x3b98
W,0x10,0xda50
R,0x10
R,0xda50
R,0xc
W,0xc,0x2c6
R,0xda58
W,0x10,0x9550
R,0x10
R,0x9550
R,0xc
W,0xc,0x2c7
R,0x9558
W,0x10,0xb7c0
R,0x10
R,0xb7c0
R,0xc
W,0xc,0x2c8
R,0xb7c8
W,0x10,0x10570
R,0x10
R,0x10570
R,0xc
W,0xc,0x2c9
R,0x10578
W,0x10,0x4fb0
R,0x10
R,0x4fb0
R,0xc
W,0xc,0x2ca
R,0x4fb8
W,0x10,0x6fa0
R,0x10
R,0x6fa0
R,0xc
W,0xc,0x2cb
R,0x6fa8
W,0x10,0x9c60
R,0x10
R,0x9c60
R,0xc
W,0xc,0x2cc
R,0x9c68
W,0x10,0xe180
R,0x10
R,0xe180
R,0xc
W,0xc,0x2cd
R,0xe188
W,0x10,0xfbf0
R,0x10
R,0xfbf0
R,0xc
W,0xc,0x2ce
R,0xfbf8
W,0x10,0x70c0
R,0x10
R,0x70c0
R,0xc
W,0xc,0x2cf
R,0x70c8
W,0x10,0x9020
R,0x10
R,0x9020
R,0xc
W,0xc,0x2d0
R,0x9028
W,0x10,0xa570
R,0x10
R,0xa570
R,0xc
W,0xc,0x2d1
R,0xa578
W,0x10,0x8980
R,0x10
R,0x8980
R,0xc
W,0xc,0x2d2
R,0x8988
W,0x10,0xefb0
R,0x10
R,0xefb0
R,0xc
W,0xc,0x2d3
R,0xefb8
W,0x10,0xe8c0
R,0x10
R,0xe8c0
R,0xc
W,0xc,0x2d4
R,0xe8c8
W,0x10,0xfa80
R,0x10
R,0xfa80
R,0xc
W,0xc,0x2d5
R,0xfa88
W,0x10,0xee90
R,0x10
R,0xee90
R,0xc
W,0xc,0x2d6
R,0xee98
W,0x10,0x5870
R,0x10
R,0x5870
R,0xc
W,0xc,0x2d7
R,0x5878
W,0x10,0x6390
R,0x10
R,0x6390
R,0xc
W,0xc,0x2d8
R,0x6398
W,0x10,0xd960
R,0x10
R,0xd960
R,0xc
W,0xc,0x2d9
R,0xd968
W,0x10,0x2c30
R,0x10
R,0x2c30
R,0xc
W,0xc,0x2da
R,0x2c38
W,0x10,0x98e0
R,0x10
R,0x98e0
R,0xc
W,0xc,0x2db
R,0x98e8
W,0x10,0x2cd0
R,0x10
R,0x2cd0
R,0xc
W,0xc,0x2dc
R,0x2cd8
W,0x10,0x1ac0
R,0x10
R,0x1ac0
R,0xc
W,0xc,0x2dd
R,0x1ac8
W,0x10,0xd2b0
R,0x10
R,0xd2b0
R,0xc
W,0xc,0x2de
R,0xd2b8
W,0x10,0x105a0
R,0x10
R,0x105a0
R,0xc
W,0xc,0x2df
R,0x105a8
W,0x10,0x4120
R,0x10
R,0x4120
R,0xc
W,0xc,0x2e0
R,0x4128
W,0x10,0x3cf0
R,0x10
R,0x3cf0
R,0xc
W,0xc,0x2e1
R,0x3cf8
W,0x10,0x6e80
R,0x10
R,0x6e80
R,0xc
W,0xc,0x2e2
R,0x6e88
W,0x10,0x35b0
R,0x10
R,0x35b0
R,0xc
W,0xc,0x2e3
R,0x35b8
W,0x10,0x1f70
R,0x10
R,0x1f70
R,0xc
W,0xc,0x2e4
R,0x1f78
W,0x10,0x8c60
R,0x10
R,0x8c60
R,0xc
W,0xc,0x2e5
R,0x8c68
W,0x10,0x9890
R,0x10
R,0x9890
R,0xc
W,0xc,0x2e6
R,0x9898
W,0x10,0xbe80
R,0x10
R,0xbe80
R,0xc
W,0xc,0x2e7
R,0xbe88
W,0x10,0xe250
R,0x10
R,0xe250
R,0xc
W,0xc,0x2e8
R,0xe258
W,0x10,0x97a0
R,0x10
R,0x97a0
R,0xc
W,0xc,0x2e9
R,0x97a8
W,0x10,0x4a50
R,0x10
R,0x4a50
R,0xc
W,0xc,0x2ea
R,0x4a58
W,0x10,0x43d0
R,0x10
R,0x43d0
R,0xc
W,0xc,0x2eb
R,0x43d8
W,0x10,0xfd90
R,0x10
R,0xfd90
R,0xc
W,0xc,0x2ec
R,0xfd98
W,0x10,0x4410
R,0x10
R,0x4410
R,0xc
W,0xc,0x2ed
R,0x4418
W,0x10,0x7460
R,0x10
R,0x7460
R,0xc
W,0xc,0x2ee
R,0x7468
W,0x10,0x1170
R,0x10
R,0x1170
R,0xc
W,0xc,0x2ef
R,0x1178
W,0x10,0x8d90
R,0x10
R,0x8d90
R,0xc
W,0xc,0x2f0
R,0x8d98
W,0x10,0xe5c0
R,0x10
R,0xe5c0
R,0xc
W,0xc,0x2f1
R,0xe5c8
W,0x10,0x4080
R,0x10
R,0x4080
R,0xc
W,0xc,0x2f2
R,0x4088
W,0x10,0x10780
R,0x10
R,0x10780
R,0xc
W,0xc,0x2f3
R,0x10788
W,0x10,0x37e0
R,0x10
R,0x37e0
R,0xc
W,0xc,0x2f4
R,0x37e8
W,0x10,0xda20
R,0x10
R,0xda20
R,0xc
W,0xc,0x2f5
R,0xda28
W,0x10,0xbe60
R,0x10
R,0xbe60
R,0xc
W,0xc,0x2f6
R,0xbe68
W,0x10,0x28e0
R,0x10
R,0x28e0
R,0xc
W,0xc,0x2f7
R,0x28e8
W,0x10,0x5ab0
R,0x10
R,0x5ab0
R,0xc
W,0xc,0x2f8
R,0x5ab8
W,0x10,0x10c60
R,0x10
R,0x10c60
R,0xc
W,0xc,0x2f9
R,0x10c68
W,0x10,0xaaf0
R,0x10
R,0xaaf0
R,0xc
W,0xc,0x2fa
R,0xaaf8
W,0x10,0xc6a0
R,0x10
R,0xc6a0
R,0xc
W,0xc,0x2fb
R,0xc6a8
W,0x10,0x1580
R,0x10
R,0x1580
R,0xc
W,0xc,0x2fc
R,0x1588
W,0x10,0x10880
R,0x10
R,0x10880
R,0xc
W,0xc,0x2fd
R,0x10888
W,0x10,0x6ad0
R,0x10
R,0x6ad0
R,0xc
W,0xc,0x2fe
R,0x6ad8
W,0x10,0x73e0
R,0x10
R,0x73e0
R,0xc
W,0xc,0x2ff
R,0x73e8
W,0x10,0xc900
R,0x10
R,0xc900
R,0xc
W,0xc,0x300
R,0xc908
W,0x10,0xc4e0
R,0x10
R,0xc4e0
R,0xc
W,0xc,0x301
R,0xc4e8
W,0x10,0xcb00
R,0x10
R,0xcb00
R,0xc
W,0xc,0x302
R,0xcb08
W,0x10,0x5060
R,0x10
R,0x5060
R,0xc
W,0xc,0x303
R,0x5068
W,0x10,0x6b70
R,0x10
R,0x6b70
R,0xc
W,0xc,0x304
R,0x6b78
W,0x10,0x4030
R,0x10
R,0x4030
R,0xc
W,0xc,0x305
R,0x4038
W,0x10,0x7c70
R,0x10
R,0x7c70
R,0xc
W,0xc,0x306
R,0x7c78
W,0x10,0x60a0
R,0x10
R,0x60a0
R,0xc
W,0xc,0x307
R,0x60a8
W,0x10,0xe6c0
R,0x10
R,0xe6c0
R,0xc
W,0xc,0x308
R,0xe6c8
W,0x10,0x8c40
R,0x10
R,0x8c40
R,0xc
W,0xc,0x309
R,0x8c48
W,0x10,0xe190
R,0x10
R,0xe190
R,0xc
W,0xc,0x30a
R,0xe198
W,0x10,0x96f0
R,0x10
R,0x96f0
R,0xc
W,0xc,0x30b
R,0x96f8
W,0x10,0x8170
R,0x10
R,0x8170
R,0xc
W,0xc,0x30c
R,0x8178
W,0x10,0x103a0
R,0x10
R,0x103a0
R,0xc
W,0xc,0x30d
R,0x103a8
W,0x10,0x4be0
R,0x10
R,0x4be0
R,0xc
W,0xc,0x30e
R,0x4be8
W,0x10,0x4c00
R,0x10
R,0x4c00
R,0xc
W,0xc,0x30f
R,0x4c08
W,0x10,0x1a10
R,0x10
R,0x1a10
R,0xc
W,0xc,0x310
R,0x1a18
W,0x10,0x1df0
R,0x10
R,0x1df0
R,0xc
W,0xc,0x311
R,0x1df8
W,0x10,0x10e10
R,0x10
R,0x10e10
R,0xc
W,0xc,0x312
R,0x10e18
W,0x10,0x8aa0
R,0x10
R,0x8aa0
R,0xc
W,0xc,0x313
R,0x8aa8
W,0x10,0xc990
R,0x10
R,0xc990
R,0xc
W,0xc,0x314
R,0xc998
W,0x10,0xd390
R,0x10
R,0xd390
R,0xc
W,0xc,0x315
R,0xd398
W,0x10,0xbab0
R,0x10
R,0xbab0
R,0xc
W,0xc,0x316
R,0xbab8
W,0x10,0xe2e0
R,0x10
R,0xe2e0
R,0xc
W,0xc,0x317
R,0xe2e8
W,0x10,0x41c0
R,0x10
R,0x41c0
R,0xc
W,0xc,0x318
R,0x41c8
W,0x10,0xb080
R,0x10
R,0xb080
R,0xc
W,0xc,0x319
R,0xb088
W,0x10,0x65d0
R,0x10
R,0x65d0
R,0xc
W,0xc,0x31a
R,0x65d8
W,0x10,0x8210
R,0x10
R,0x8210
R,0xc
W,0xc,0x31b
R,0x8218
W,0x10,0x3b00
R,0x10
R,0x3b00
R,0xc
W,0xc,0x31c
R,0x3b08
W,0x10,0x85a0
R,0x10
R,0x85a0
R,0xc
W,0xc,0x31d
R,0x85a8
W,0x10,0x6ac0
R,0x10
R,0x6ac0
R,0xc
W,0xc,0x31e
R,0x6ac8
W,0x10,0xad90
R,0x10
R,0xad90
R,0xc
W,0xc,0x31f
R,0xad98
W,0x10,0x9130
R,0x10
R,0x9130
R,0xc
W,0xc,0x320
R,0x9138
W,0x10,0x1fb0
R,0x10
R,0x1fb0
R,0xc
W,0xc,0x321
R,0x1fb8
W,0x10,0xfd00
R,0x10
R,0xfd00
R,0xc
W,0xc,0x322
R,0xfd08
W,0x10,0xb130
R,0x10
R,0xb130
R,0xc
W,0xc,0x323
R,0xb138
W,0x10,0xfec0
R,0x10
R,0xfec0
R,0xc
W,0xc,0x324
R,0xfec8
W,0x10,0xab10
R,0x10
R,0xab10
R,0xc
W,0xc,0x325
R,0xab18
W,0x10,0x30b0
R,0x10
R,0x30b0
R,0xc
W,0xc,0x326
R,0x30b8
W,0x10,0xdf80
R,0x10
R,0xdf80
R,0xc
W,0xc,0x327
R,0xdf88
W,0x10,0xce40
R,0x10
R,0xce40
R,0xc
W,0xc,0x328
R,0xce48
W,0x10,0x64e0
R,0x10
R,0x64e0
R,0xc
W,0xc,0x329
R,0x64e8
W,0x10,0x6010
R,0x10
R,0x6010
R,0xc
W,0xc,0x32a
R,0x6018
W,0x10,0x6970
R,0x10
R,0x6970
R,0xc
W,0xc,0x32b
R,0x6978
W,0x10,0x6af0
R,0x10
R,0x6af0
R,0xc
W,0xc,0x32c
R,0x6af8
W,0x10,0xcc50
R,0x10
R,0xcc50
R,0xc
W,0xc,0x32d
R,0xcc58
W,0x10,0x7640
R,0x10
R,0x7640
R,0xc
W,0xc,0x32e
R,0x7648
W,0x10,0x1750
R,0x10
R,0x1750
R,0xc
W,0xc,0x32f
R,0x1758
W,0x10,0x5410
R,0x10
R,0x5410
R,0xc
W,0xc,0x330
R,0x5418
W,0x10,0xac00
R,0x10
R,0xac00
R,0xc
W,0xc,0x331
R,0xac08
W,0x10,0x8f90
R,0x10
R,0x8f90
R,0xc
W,0xc,0x332
R,0x8f98
W,0x10,0x8d10
R,0x10
R,0x8d10
R,0xc
W,0xc,0x333
R,0x8d18
W,0x10,0xaa20
R,0x10
R,0xaa20
R,0xc
W,0xc,0x334
R,0xaa28
W,0x10,0xc100
R,0x10
R,0xc100
R,0xc
W,0xc,0x335
R,0xc108
W,0x10,0x97d0
R,0x10
R,0x97d0
R,0xc
W,0xc,0x336
R,0x97d8
W,0x10,0x7950
R,0x10
R,0x7950
R,0xc
W,0xc,0x337
R,0x7958
W,0x10,0x5b90
R,0x10
R,0x5b90
R,0xc
W,0xc,0x338
R,0x5b98
W,0x10,0xd5d0
R,0x10
R,0xd5d0
R,0xc
W,0xc,0x339
R,0xd5d8
W,0x10,0x5850
R,0x10
R,0x5850
R,0xc
W,0xc,0x33a
R,0x5858
W,0x10,0x51d0
R,0x10
R,0x51d0
R,0xc
W,0xc,0x33b
R,0x51d8
W,0x10,0x6f50
R,0x10
R,0x6f50
R,0xc
W,0xc,0x33c
R,0x6f58
W,0x10,0xa840
R,0x10
R,0xa840
R,0xc
W,0xc,0x33d
R,0xa848
W,0x10,0x88e0
R,0x10
R,0x88e0
R,0xc
W,0xc,0x33e
R,0x88e8
W,0x10,0xdd40
R,0x10
R,0xdd40
R,0xc
W,0xc,0x33f
R,0xdd48
W,0x10,0xb850
R,0x10
R,0xb850
R,0xc
W,0xc,0x340
R,0xb858
W,0x10,0x3f30
R,0x10
R,0x3f30
R,0xc
W,0xc,0x341
R,0x3f38
W,0x10,0xaa90
R,0x10
R,0xaa90
R,0xc
W,0xc,0x342
R,0xaa98
W,0x10,0xe930
R,0x10
R,0xe930
R,0xc
W,0xc,0x343
R,0xe938
W,0x10,0x7960
R,0x10
R,0x7960
R,0xc
W,0xc,0x344
R,0x7968
W,0x10,0x9230
R,0x10
R,0x9230
R,0xc
W,0xc,0x345
R,0x9238
W,0x10,0x90e0
R,0x10
R,0x90e0
R,0xc
W,0xc,0x346
R,0x90e8
W,0x10,0x2600
R,0x10
R,0x2600
R,0xc
W,0xc,0x347
R,0x2608
W,0x10,0xbed0
R,0x10
R,0xbed0
R,0xc
W,0xc,0x348
R,0xbed8
W,0x10,0x7cf0
R,0x10
R,0x7cf0
R,0xc
W,0xc,0x349
R,0x7cf8
W,0x10,0x10540
R,0x10
R,0x10540
R,0xc
W,0xc,0x34a
R,0x10548
W,0x10,0x6ee0
R,0x10
R,0x6ee0
R,0xc
W,0xc,0x34b
R,0x6ee8
W,0x10,0x2be0
R,0x10
R,0x2be0
R,0xc
W,0xc,0x34c
R,0x2be8
W,0x10,0xb7a0
R,0x10
R,0xb7a0
R,0xc
W,0xc,0x34d
R,0xb7a8
W,0x10,0xfe20
R,0x10
R,0xfe20
R,0xc
W,0xc,0x34e
R,0xfe28
W,0x10,0x91f0
R,0x10
R,0x91f0
R,0xc
W,0xc,0x34f
R,0x91f8
W,0x10,0xe9d0
R,0x10
R,0xe9d0
R,0xc
W,0xc,0x350
R,0xe9d8
W,0x10,0x2810
R,0x10
R,0x2810
R,0xc
W,0xc,0x351
R,0x2818
W,0x10,0xa360
R,0x10
R,0xa360
R,0xc
W,0xc,0x352
R,0xa368
W,0x10,0x10ba0
R,0x10
R,0x10ba0
R,0xc
W,0xc,0x353
R,0x10ba8
W,0x10,0xea20
R,0x10
R,0xea20
R,0xc
W,0xc,0x354
R,0xea28
W,0x10,0x9d10
R,0x10
R,0x9d10
R,0xc
W,0xc,0x355
R,0x9d18
W,0x10,0x40e0
R,0x10
R,0x40e0
R,0xc
W,0xc,0x356
R,0x40e8
W,0x10,0x3950
R,0x10
R,0x3950
R,0xc
W,0xc,0x357
R,0x3958
W,0x10,0x8db0
R,0x10
R,0x8db0
R,0xc
W,0xc,0x358
R,0x8db8
W,0x10,0x4760
R,0x10
R,0x4760
R,0xc
W,0xc,0x359
R,0x4768
W,0x10,0x1f80
R,0x10
R,0x1f80
R,0xc
W,0xc,0x35a
R,0x1f88
W,0x10,0x1aa0
R,0x10
R,0x1aa0
R,0xc
W,0xc,0x35b
R,0x1aa8
W,0x10,0x10e00
R,0x10
R,0x10e00
R,0xc
W,0xc,0x35c
R,0x10e08
W,0x10,0xaf70
R,0x10
R,0xaf70
R,0xc
W,0xc,0x35d
R,0xaf78
W,0x10,0xea70
R,0x10
R,0xea70
R,0xc
W,0xc,0x35e
R,0xea78
W,0x10,0x27d0
R,0x10
R,0x27d0
R,0xc
W,0xc,0x35f
R,0x27d8
W,0x10,0x4050
R,0x10
R,0x4050
R,0xc
W,0xc,0x360
R,0x4058
W,0x10,0xff50
R,0x10
R,0xff50
R,0xc
W,0xc,0x361
R,0xff58
W,0x10,0x10050
R,0x10
R,0x10050
R,0xc
W,0xc,0x362
R,0x10058
W,0x10,0xc800
R,0x10
R,0xc800
R,0xc
W,0xc,0x363
R,0xc808
W,0x10,0x9710
R,0x10
R,0x9710
R,0xc
W,0xc,0x364
R,0x9718
W,0x10,0x5a20
R,0x10
R,0x5a20
R,0xc
W,0xc,0x365
R,0x5a28
W,0x10,0xcd90
R,0x10
R,0xcd90
R,0xc
W,0xc,0x366
R,0xcd98
W,0x10,0x20e0
R,0x10
R,0x20e0
R,0xc
W,0xc,0x367
R,0x20e8
W,0x10,0x1a70
R,0x10
R,0x1a70
R,0xc
W,0xc,0x368
R,0x1a78
W,0x10,0xaa00
R,0x10
R,0xaa00
R,0xc
W,0xc,0x369
R,0xaa08
W,0x10,0x1b00
R,0x10
R,0x1b00
R,0xc
W,0xc,0x36a
R,0x1b08
W,0x10,0x82a0
R,0x10
R,0x82a0
R,0xc
W,0xc,0x36b
R,0x82a8
W,0x10,0x85c0
R,0x10
R,0x85c0
R,0xc
W,0xc,0x36c
R,0x85c8
W,0x10,0xde40
R,0x10
R,0xde40
R,0xc
W,0xc,0x36d
R,0xde48
W,0x10,0x7020
R,0x10
R,0x7020
R,0xc
W,0xc,0x36e
R,0x7028
W,0x10,0x66c0
R,0x10
R,0x66c0
R,0xc
W,0xc,0x36f
R,0x66c8
W,0x10,0x8f40
R,0x10
R,0x8f40
R,0xc
W,0xc,0x370
R,0x8f48
W,0x10,0x7b60
R,0x10
R,0x7b60
R,0xc
W,0xc,0x371
R,0x7b68
W,0x10,0xd000
R,0x10
R,0xd000
R,0xc
W,0xc,0x372
R,0xd008
W,0x10,0x3a00
R,0x10
R,0x3a00
R,0xc
W,0xc,0x373
R,0x3a08
W,0x10,0x74b0
R,0x10
R,0x74b0
R,0xc
W,0xc,0x374
R,0x74b8
W,0x10,0x6750
R,0x10
R,0x6750
R,0xc
W,0xc,0x375
R,0x6758
W,0x10,0x9eb0
R,0x10
R,0x9eb0
R,0xc
W,0xc,0x376
R,0x9eb8
W,0x10,0xc930
R,0x10
R,0xc930
R,0xc
W,0xc,0x377
R,0xc938
W,0x10,0x2ad0
R,0x10
R,0x2ad0
R,0xc
W,0xc,0x378
R,0x2ad8
W,0x10,0x8b40
R,0x10
R,0x8b40
R,0xc
W,0xc,0x379
R,0x8b48
W,0x10,0x12a0
R,0x10
R,0x12a0
R,0xc
W,0xc,0x37a
R,0x12a8
W,0x10,0xc010
R,0x10
R,0xc010
R,0xc
W,0xc,0x37b
R,0xc018
W,0x10,0xb1c0
R,0x10
R,0xb1c0
R,0xc
W,0xc,0x37c
R,0xb1c8
W,0x10,0xe7d0
R,0x10
R,0xe7d0
R,0xc
W,0xc,0x37d
R,0xe7d8
W,0x10,0x2cc0
R,0x10
R,0x2cc0
R,0xc
W,0xc,0x37e
R,0x2cc8
W,0x10,0x26b0
R,0x10
R,0x26b0
R,0xc
W,0xc,0x37f
R,0x26b8
W,0x10,0x85d0
R,0x10
R,0x85d0
R,0xc
W,0xc,0x380
R,0x85d8
W,0x10,0xf130
R,0x10
R,0xf130
R,0xc
W,0xc,0x381
R,0xf138
W,0x10,0x4ca0
R,0x10
R,0x4ca0
R,0xc
W,0xc,0x382
R,0x4ca8
W,0x10,0x35a0
R,0x10
R,0x35a0
R,0xc
W,0xc,0x383
R,0x35a8
W,0x10,0x8230
R,0x10
R,0x8230
R,0xc
W,0xc,0x384
R,0x8238
W,0x10,0xae80
R,0x10
R,0xae80
R,0xc
W,0xc,0x385
R,0xae88
W,0x10,0x3d60
R,0x10
R,0x3d60
R,0xc
W,0xc,0x386
R,0x3d68
W,0x10,0xcd00
R,0x10
R,0xcd00
R,0xc
W,0xc,0x387
R,0xcd08
W,0x10,0xb790
R,0x10
R,0xb790
R,0xc
W,0xc,0x388
R,0xb798
W,0x10,0xe980
R,0x10
R,0xe980
R,0xc
W,0xc,0x389
R,0xe988
W,0x10,0xd860
R,0x10
R,0xd860
R,0xc
W,0xc,0x38a
R,0xd868
W,0x10,0x5bf0
R,0x10
R,0x5bf0
R,0xc
W,0xc,0x38b
R,0x5bf8
W,0x10,0x28a0
R,0x10
R,0x28a0
R,0xc
W,0xc,0x38c
R,0x28a8
W,0x10,0x7530
R,0x10
R,0x7530
R,0xc
W,0xc,0x38d
R,0x7538
W,0x10,0xcbc0
R,0x10
R,0xcbc0
R,0xc
W,0xc,0x38e
R,0xcbc8
W,0x10,0x7110
R,0x10
R,0x7110
R,0xc
W,0xc,0x38f
R,0x7118
W,0x10,0xad30
R,0x10
R,0xad30
R,0xc
W,0xc,0x390
R,0xad38
W,0x10,0xa3a0
R,0x10
R,0xa3a0
R,0xc
W,0xc,0x391
R,0xa3a8
W,0x10,0x40b0
R,0x10
R,0x40b0
R,0xc
W,0xc,0x392
R,0x40b8
W,0x10,0x5c10
R,0x10
R,0x5c10
R,0xc
W,0xc,0x393
R,0x5c18
W,0x10,0x4840
R,0x10
R,0x4840
R,0xc
W,0xc,0x394
R,0x4848
W,0x10,0x1f10
R,0x10
R,0x1f10
R,0xc
W,0xc,0x395
R,0x1f18
W,0x10,0xf950
R,0x10
R,0xf950
R,0xc
W,0xc,0x396
R,0xf958
W,0x10,0x41f0
R,0x10
R,0x41f0
R,0xc
W,0xc,0x397
R,0x41f8
W,0x10,0x10a30
R,0x10
R,0x10a30
R,0xc
W,0xc,0x398
R,0x10a38
W,0x10,0xc270
R,0x10
R,0xc270
R,0xc
W,0xc,0x399
R,0xc278
W,0x10,0x8b70
R,0x10
R,0x8b70
R,0xc
W,0xc,0x39a
R,0x8b78
W,0x10,0x7c10
R,0x10
R,0x7c10
R,0xc
W,0xc,0x39b
R,0x7c18
W,0x10,0xbf90
R,0x10
R,0xbf90
R,0xc
W,0xc,0x39c
R,0xbf98
W,0x10,0xbf00
R,0x10
R,0xbf00
R,0xc
W,0xc,0x39d
R,0xbf08
W,0x10,0x5b30
R,0x10
R,0x5b30
R,0xc
W,0xc,0x39e
R,0x5b38
W,0x10,0xcce0
R,0x10
R,0xcce0
R,0xc
W,0xc,0x39f
R,0xcce8
W,0x10,0x8310
R,0x10
R,0x8310
R,0xc
W,0xc,0x3a0
R,0x8318
W,0x10,0x3e40
R,0x10
R,0x3e40
R,0xc
W,0xc,0x3a1
R,0x3e48
W,0x10,0xd6a0
R,0x10
R,0xd6a0
R,0xc
W,0xc,0x3a2
R,0xd6a8
W,0x10,0x4340
R,0x10
R,0x4340
R,0xc
W,0xc,0x3a3
R,0x4348
W,0x10,0x10070
R,0x10
R,0x10070
R,0xc
W,0xc,0x3a4
R,0x10078
W,0x10,0xd030
R,0x10
R,0xd030
R,0xc
W,0xc,0x3a5
R,0xd038
W,0x10,0x8e10
R,0x10
R,0x8e10
R,0xc
W,0xc,0x3a6
R,0x8e18
W,0x10,0x1360
R,0x10
R,0x1360
R,0xc
W,0xc,0x3a7
R,0x1368
W,0x10,0xbfe0
R,0x10
R,0xbfe0
R,0xc
W,0xc,0x3a8
R,0xbfe8
W,0x10,0xef60
R,0x10
R,0xef60
R,0xc
W,0xc,0x3a9
R,0xef68
W,0x10,0xd270
R,0x10
R,0xd270
R,0xc
W,0xc,0x3aa
R,0xd278
W,0x10,0x4470
R,0x10
R,0x4470
R,0xc
W,0xc,0x3ab
R,0x4478
W,0x10,0x1ef0
R,0x10
R,0x1ef0
R,0xc
W,0xc,0x3ac
R,0x1ef8
W,0x10,0x39a0
R,0x10
R,0x39a0
R,0xc
W,0xc,0x3ad
R,0x39a8
W,0x10,0x2680
R,0x10
R,0x2680
R,0xc
W,0xc,0x3ae
R,0x2688
W,0x10,0xe780
R,0x10
R,0xe780
R,0xc
W,0xc,0x3af
R,0xe788
W,0x10,0xafc0
R,0x10
R,0xafc0
R,0xc
W,0xc,0x3b0
R,0xafc8
W,0x10,0x8d60
R,0x10
R,0x8d60
R,0xc
W,0xc,0x3b1
R,0x8d68
W,0x10,0xf420
R,0x10
R,0xf420
R,0xc
W,0xc,0x3b2
R,0xf428
W,0x10,0x10690
R,0x10
R,0x10690
R,0xc
W,0xc,0x3b3
R,0x10698
W,0x10,0xc890
R,0x10
R,0xc890
R,0xc
W,0xc,0x3b4
R,0xc898
W,0x10,0xdca0
R,0x10
R,0xdca0
R,0xc
W,0xc,0x3b5
R,0xdca8
W,0x10,0x7ca0
R,0x10
R,0x7ca0
R,0xc
W,0xc,0x3b6
R,0x7ca8
W,0x10,0x1d30
R,0x10
R,0x1d30
R,0xc
W,0xc,0x3b7
R,0x1d38
W,0x10,0x5be0
R,0x10
R,0x5be0
R,0xc
W,0xc,0x3b8
R,0x5be8
W,0x10,0x10590
R,0x10
R,0x10590
R,0xc
W,0xc,0x3b9
R,0x10598
W,0x10,0x7860
R,0x10
R,0x7860
R,0xc
W,0xc,0x3ba
R,0x7868
W,0x10,0x2220
R,0x10
R,0x2220
R,0xc
W,0xc,0x3bb
R,0x2228
W,0x10,0x36f0
R,0x10
R,0x36f0
R,0xc
W,0xc,0x3bc
R,0x36f8
W,0x10,0x2e30
R,0x10
R,0x2e30
R,0xc
W,0xc,0x3bd
R,0x2e38
W,0x10,0x2f10
R,0x10
R,0x2f10
R,0xc
W,0xc,0x3be
R,0x2f18
W,0x10,0x8ba0
R,0x10
R,0x8ba0
R,0xc
W,0xc,0x3bf
R,0x8ba8
W,0x10,0xc3c0
R,0x10
R,0xc3c0
R,0xc
W,0xc,0x3c0
R,0xc3c8
W,0x10,0xca60
R,0x10
R,0xca60
R,0xc
W,0xc,0x3c1
R,0xca68
W,0x10,0xded0
R,0x10
R,0xded0
R,0xc
W,0xc,0x3c2
R,0xded8
W,0x10,0x7400
R,0x10
R,0x7400
R,0xc
W,0xc,0x3c3
R,0x7408
W,0x10,0x1490
R,0x10
R,0x1490
R,0xc
W,0xc,0x3c4
R,0x1498
W,0x10,0xfb50
R,0x10
R,0xfb50
R,0xc
W,0xc,0x3c5
R,0xfb58
W,0x10,0x7010
R,0x10
R,0x7010
R,0xc
W,0xc,0x3c6
R,0x7018
W,0x10,0xee00
R,0x10
R,0xee00
R,0xc
W,0xc,0x3c7
R,0xee08
W,0x10,0x30a0
R,0x10
R,0x30a0
R,0xc
W,0xc,0x3c8
R,0x30a8
W,0x10,0x7490
R,0x10
R,0x7490
R,0xc
W,0xc,0x3c9
R,0x7498
W,0x10,0xad80
R,0x10
R,0xad80
R,0xc
W,0xc,0x3ca
R,0xad88
W,0x10,0x68f0
R,0x10
R,0x68f0
R,0xc
W,0xc,0x3cb
R,0x68f8
W,0x10,0xe6d0
R,0x10
R,0xe6d0
R,0xc
W,0xc,0x3cc
R,0xe6d8
W,0x10,0xa550
R,0x10
R,0xa550
R,0xc
W,0xc,0x3cd
R,0xa558
W,0x10,0xc340
R,0x10
R,0xc340
R,0xc
W,0xc,0x3ce
R,0xc348
W,0x10,0xd0f0
R,0x10
R,0xd0f0
R,0xc
W,0xc,0x3cf
R,0xd0f8
W,0x10,0x1570
R,0x10
R,0x1570
R,0xc
W,0xc,0x3d0
R,0x1578
W,0x10,0xbdc0
R,0x10
R,0xbdc0
R,0xc
W,0xc,0x3d1
R,0xbdc8
W,0x10,0x3f90
R,0x10
R,0x3f90
R,0xc
W,0xc,0x3d2
R,0x3f98
W,0x10,0x5270
R,0x10
R,0x5270
R,0xc
W,0xc,0x3d3
R,0x5278
W,0x10,0x90a0
R,0x10
R,0x90a0
R,0xc
W,0xc,0x3d4
R,0x90a8
W,0x10,0xaef0
R,0x10
R,0xaef0
R,0xc
W,0xc,0x3d5
R,0xaef8
W,0x10,0x9170
R,0x10
R,0x9170
R,0xc
W,0xc,0x3d6
R,0x9178
W,0x10,0x4ab0
R,0x10
R,0x4ab0
R,0xc
W,0xc,0x3d7
R,0x4ab8
W,0x10,0xf6d0
R,0x10
R,0xf6d0
R,0xc
W,0xc,0x3d8
R,0xf6d8
W,0x10,0x60c0
R,0x10
R,0x60c0
R,0xc
W,0xc,0x3d9
R,0x60c8
W,0x10,0xc9e0
R,0x10
R,0xc9e0
R,0xc
W,0xc,0x3da
R,0xc9e8
W,0x10,0x3f80
R,0x10
R,0x3f80
R,0xc
W,0xc,0x3db
R,0x3f88
W,0x10,0x10c40
R,0x10
R,0x10c40
R,0xc
W,0xc,0x3dc
R,0x10c48
W,0x10,0xa740
R,0x10
R,0xa740
R,0xc
W,0xc,0x3dd
R,0xa748
W,0x10,0x6290
R,0x10
R,0x6290
R,0xc
W,0xc,0x3de
R,0x6298
W,0x10,0xbb10
R,0x10
R,0xbb10
R,0xc
W,0xc,0x3df
R,0xbb18
W,0x10,0xdc20
R,0x10
R,0xdc20
R,0xc
W,0xc,0x3e0
R,0xdc28
W,0x10,0x9ac0
R,0x10
R,0x9ac0
R,0xc
W,0xc,0x3e1
R,0x9ac8
W,0x10,0xf2d0
R,0x10
R,0xf2d0
R,0xc
W,0xc,0x3e2
R,0xf2d8
W,0x10,0x5c80
R,0x10
R,0x5c80
R,0xc
W,0xc,0x3e3
R,0x5c88
W,0x10,0x7ae0
R,0x10
R,0x7ae0
R,0xc
W,0xc,0x3e4
R,0x7ae8
W,0x10,0xba20
R,0x10
R,0xba20
R,0xc
W,0xc,0x3e5
R,0xba28
W,0x10,0xc840
R,0x10
R,0xc840
R,0xc
W,0xc,0x3e6
R,0xc848
W,0x10,0x8680
R,0x10
R,0x8680
R,0xc
W,0xc,0x3e7
R,0x8688
W,0x10,0xff60
R,0x10
R,0xff60
R,0xc
W,0xc,0x3e8
R,0xff68
W,0x10,0x0
R,0x10
R,0xc
