W,0x18,0x2f88930
R,0x18
W,0x10,0x2f88930
W,0xc,0x0
R,0x10
R,0x2f88930
R,0xc
W,0xc,0x1
R,0x2f88938
W,0x10,0xd1744a0
R,0x10
R,0xd1744a0
R,0xc
W,0xc,0x2
R,0xd1744a8
W,0x10,0x41a2670
R,0x10
R,0x41a2670
R,0xc
W,0xc,0x3
R,0x41a2678
W,0x10,0x1e4dcd0
R,0x10
R,0x1e4dcd0
R,0xc
W,0xc,0x4
R,0x1e4dcd8
W,0x10,0x9cf3b00
R,0x10
R,0x9cf3b00
R,0xc
W,0xc,0x5
R,0x9cf3b08
W,0x10,0x7055910
R,0x10
R,0x7055910
R,0xc
W,0xc,0x6
R,0x7055918
W,0x10,0xe7bfd30
R,0x10
R,0xe7bfd30
R,0xc
W,0xc,0x7
R,0xe7bfd38
W,0x10,0x34d1a90
R,0x10
R,0x34d1a90
R,0xc
W,0xc,0x8
R,0x34d1a98
W,0x10,0xd30d3f0
R,0x10
R,0xd30d3f0
R,0xc
W,0xc,0x9
R,0xd30d3f8
W,0x10,0x4ae0360
R,0x10
R,0x4ae0360
R,0xc
W,0xc,0xa
R,0x4ae0368
W,0x10,0x123aa80
R,0x10
R,0x123aa80
R,0xc
W,0xc,0xb
R,0x123aa88
W,0x10,0x9080c50
R,0x10
R,0x9080c50
R,0xc
W,0xc,0xc
R,0x9080c58
W,0x10,0xfa16a50
R,0x10
R,0xfa16a50
R,0xc
W,0xc,0xd
R,0xfa16a58
W,0x10,0x1a50290
R,0x10
R,0x1a50290
R,0xc
W,0xc,0xe
R,0x1a50298
W,0x10,0x3d408b0
R,0x10
R,0x3d408b0
R,0xc
W,0xc,0xf
R,0x3d408b8
W,0x10,0x3fc2f10
R,0x10
R,0x3fc2f10
R,0xc
W,0xc,0x10
R,0x3fc2f18
W,0x10,0x4f21350
R,0x10
R,0x4f21350
R,0xc
W,0xc,0x11
R,0x4f21358
W,0x10,0x46f96d0
R,0x10
R,0x46f96d0
R,0xc
W,0xc,0x12
R,0x46f96d8
W,0x10,0x2a2e230
R,0x10
R,0x2a2e230
R,0xc
W,0xc,0x13
R,0x2a2e238
W,0x10,0x3def790
R,0x10
R,0x3def790
R,0xc
W,0xc,0x14
R,0x3def798
W,0x10,0x5a18650
R,0x10
R,0x5a18650
R,0xc
W,0xc,0x15
R,0x5a18658
W,0x10,0x4543e40
R,0x10
R,0x4543e40
R,0xc
W,0xc,0x16
R,0x4543e48
W,0x10,0x89e8460
R,0x10
R,0x89e8460
R,0xc
W,0xc,0x17
R,0x89e8468
W,0x10,0x3441db0
R,0x10
R,0x3441db0
R,0xc
W,0xc,0x18
R,0x3441db8
W,0x10,0x8da7590
R,0x10
R,0x8da7590
R,0xc
W,0xc,0x19
R,0x8da7598
W,0x10,0x2d4a1d0
R,0x10
R,0x2d4a1d0
R,0xc
W,0xc,0x1a
R,0x2d4a1d8
W,0x10,0xc35e1f0
R,0x10
R,0xc35e1f0
R,0xc
W,0xc,0x1b
R,0xc35e1f8
W,0x10,0xc15c360
R,0x10
R,0xc15c360
R,0xc
W,0xc,0x1c
R,0xc15c368
W,0x10,0x33bd5f0
R,0x10
R,0x33bd5f0
R,0xc
W,0xc,0x1d
R,0x33bd5f8
W,0x10,0xd5c9290
R,0x10
R,0xd5c9290
R,0xc
W,0xc,0x1e
R,0xd5c9298
W,0x10,0x1951b70
R,0x10
R,0x1951b70
R,0xc
W,0xc,0x1f
R,0x1951b78
W,0x10,0x7656550
R,0x10
R,0x7656550
R,0xc
W,0xc,0x20
R,0x7656558
W,0x10,0x3a79760
R,0x10
R,0x3a79760
R,0xc
W,0xc,0x21
R,0x3a79768
W,0x10,0xd26770
R,0x10
R,0xd26770
R,0xc
W,0xc,0x22
R,0xd26778
W,0x10,0x8d6c860
R,0x10
R,0x8d6c860
R,0xc
W,0xc,0x23
R,0x8d6c868
W,0x10,0xa861f90
R,0x10
R,0xa861f90
R,0xc
W,0xc,0x24
R,0xa861f98
W,0x10,0x4e9a5b0
R,0x10
R,0x4e9a5b0
R,0xc
W,0xc,0x25
R,0x4e9a5b8
W,0x10,0x412aec0
R,0x10
R,0x412aec0
R,0xc
W,0xc,0x26
R,0x412aec8
W,0x10,0xcaee550
R,0x10
R,0xcaee550
R,0xc
W,0xc,0x27
R,0xcaee558
W,0x10,0x8949e80
R,0x10
R,0x8949e80
R,0xc
W,0xc,0x28
R,0x8949e88
W,0x10,0xb37170
R,0x10
R,0xb37170
R,0xc
W,0xc,0x29
R,0xb37178
W,0x10,0xc4959c0
R,0x10
R,0xc4959c0
R,0xc
W,0xc,0x2a
R,0xc4959c8
W,0x10,0x703a410
R,0x10
R,0x703a410
R,0xc
W,0xc,0x2b
R,0x703a418
W,0x10,0xf873050
R,0x10
R,0xf873050
R,0xc
W,0xc,0x2c
R,0xf873058
W,0x10,0xd66c380
R,0x10
R,0xd66c380
R,0xc
W,0xc,0x2d
R,0xd66c388
W,0x10,0xbb365d0
R,0x10
R,0xbb365d0
R,0xc
W,0xc,0x2e
R,0xbb365d8
W,0x10,0x6696e70
R,0x10
R,0x6696e70
R,0xc
W,0xc,0x2f
R,0x6696e78
W,0x10,0x6692290
R,0x10
R,0x6692290
R,0xc
W,0xc,0x30
R,0x6692298
W,0x10,0x8fa3df0
R,0x10
R,0x8fa3df0
R,0xc
W,0xc,0x31
R,0x8fa3df8
W,0x10,0x940c9f0
R,0x10
R,0x940c9f0
R,0xc
W,0xc,0x32
R,0x940c9f8
W,0x10,0x698a970
R,0x10
R,0x698a970
R,0xc
W,0xc,0x33
R,0x698a978
W,0x10,0x199a730
R,0x10
R,0x199a730
R,0xc
W,0xc,0x34
R,0x199a738
W,0x10,0x15dc180
R,0x10
R,0x15dc180
R,0xc
W,0xc,0x35
R,0x15dc188
W,0x10,0x66a0a50
R,0x10
R,0x66a0a50
R,0xc
W,0xc,0x36
R,0x66a0a58
W,0x10,0xb0353e0
R,0x10
R,0xb0353e0
R,0xc
W,0xc,0x37
R,0xb0353e8
W,0x10,0x31f1310
R,0x10
R,0x31f1310
R,0xc
W,0xc,0x38
R,0x31f1318
W,0x10,0xffa1b00
R,0x10
R,0xffa1b00
R,0xc
W,0xc,0x39
R,0xffa1b08
W,0x10,0x2ae9500
R,0x10
R,0x2ae9500
R,0xc
W,0xc,0x3a
R,0x2ae9508
W,0x10,0x95ede0
R,0x10
R,0x95ede0
R,0xc
W,0xc,0x3b
R,0x95ede8
W,0x10,0xbe497b0
R,0x10
R,0xbe497b0
R,0xc
W,0xc,0x3c
R,0xbe497b8
W,0x10,0x2c5f0e0
R,0x10
R,0x2c5f0e0
R,0xc
W,0xc,0x3d
R,0x2c5f0e8
W,0x10,0x571ceb0
R,0x10
R,0x571ceb0
R,0xc
W,0xc,0x3e
R,0x571ceb8
W,0x10,0xc265530
R,0x10
R,0xc265530
R,0xc
W,0xc,0x3f
R,0xc265538
W,0x10,0x74a1720
R,0x10
R,0x74a1720
R,0xc
W,0xc,0x40
R,0x74a1728
W,0x10,0x9c76c80
R,0x10
R,0x9c76c80
R,0xc
W,0xc,0x41
R,0x9c76c88
W,0x10,0xabb4de0
R,0x10
R,0xabb4de0
R,0xc
W,0xc,0x42
R,0xabb4de8
W,0x10,0x6b33830
R,0x10
R,0x6b33830
R,0xc
W,0xc,0x43
R,0x6b33838
W,0x10,0x1182670
R,0x10
R,0x1182670
R,0xc
W,0xc,0x44
R,0x1182678
W,0x10,0xdf79280
R,0x10
R,0xdf79280
R,0xc
W,0xc,0x45
R,0xdf79288
W,0x10,0xc0cad50
R,0x10
R,0xc0cad50
R,0xc
W,0xc,0x46
R,0xc0cad58
W,0x10,0xc1edf40
R,0x10
R,0xc1edf40
R,0xc
W,0xc,0x47
R,0xc1edf48
W,0x10,0xe647060
R,0x10
R,0xe647060
R,0xc
W,0xc,0x48
R,0xe647068
W,0x10,0x91cf1d0
R,0x10
R,0x91cf1d0
R,0xc
W,0xc,0x49
R,0x91cf1d8
W,0x10,0xaa004c0
R,0x10
R,0xaa004c0
R,0xc
W,0xc,0x4a
R,0xaa004c8
W,0x10,0x68fbfd0
R,0x10
R,0x68fbfd0
R,0xc
W,0xc,0x4b
R,0x68fbfd8
W,0x10,0x7721580
R,0x10
R,0x7721580
R,0xc
W,0xc,0x4c
R,0x7721588
W,0x10,0xe0fca00
R,0x10
R,0xe0fca00
R,0xc
W,0xc,0x4d
R,0xe0fca08
W,0x10,0xca2f790
R,0x10
R,0xca2f790
R,0xc
W,0xc,0x4e
R,0xca2f798
W,0x10,0x67c5750
R,0x10
R,0x67c5750
R,0xc
W,0xc,0x4f
R,0x67c5758
W,0x10,0x5a200e0
R,0x10
R,0x5a200e0
R,0xc
W,0xc,0x50
R,0x5a200e8
W,0x10,0xe2dd330
R,0x10
R,0xe2dd330
R,0xc
W,0xc,0x51
R,0xe2dd338
W,0x10,0xd084750
R,0x10
R,0xd084750
R,0xc
W,0xc,0x52
R,0xd084758
W,0x10,0xaa77570
R,0x10
R,0xaa77570
R,0xc
W,0xc,0x53
R,0xaa77578
W,0x10,0xe9a0200
R,0x10
R,0xe9a0200
R,0xc
W,0xc,0x54
R,0xe9a0208
W,0x10,0x78715b0
R,0x10
R,0x78715b0
R,0xc
W,0xc,0x55
R,0x78715b8
W,0x10,0x74004f0
R,0x10
R,0x74004f0
R,0xc
W,0xc,0x56
R,0x74004f8
W,0x10,0x7c60a20
R,0x10
R,0x7c60a20
R,0xc
W,0xc,0x57
R,0x7c60a28
W,0x10,0xae6ad0
R,0x10
R,0xae6ad0
R,0xc
W,0xc,0x58
R,0xae6ad8
W,0x10,0xb0bbbb0
R,0x10
R,0xb0bbbb0
R,0xc
W,0xc,0x59
R,0xb0bbbb8
W,0x10,0xba1b2f0
R,0x10
R,0xba1b2f0
R,0xc
W,0xc,0x5a
R,0xba1b2f8
W,0x10,0xf19f630
R,0x10
R,0xf19f630
R,0xc
W,0xc,0x5b
R,0xf19f638
W,0x10,0x57a49b0
R,0x10
R,0x57a49b0
R,0xc
W,0xc,0x5c
R,0x57a49b8
W,0x10,0x4c68050
R,0x10
R,0x4c68050
R,0xc
W,0xc,0x5d
R,0x4c68058
W,0x10,0x52a6e80
R,0x10
R,0x52a6e80
R,0xc
W,0xc,0x5e
R,0x52a6e88
W,0x10,0x6160a0
R,0x10
R,0x6160a0
R,0xc
W,0xc,0x5f
R,0x6160a8
W,0x10,0x5cf9530
R,0x10
R,0x5cf9530
R,0xc
W,0xc,0x60
R,0x5cf9538
W,0x10,0x3708150
R,0x10
R,0x3708150
R,0xc
W,0xc,0x61
R,0x3708158
W,0x10,0x8836a10
R,0x10
R,0x8836a10
R,0xc
W,0xc,0x62
R,0x8836a18
W,0x10,0xd1e4c90
R,0x10
R,0xd1e4c90
R,0xc
W,0xc,0x63
R,0xd1e4c98
W,0x10,0xf92aed0
R,0x10
R,0xf92aed0
R,0xc
W,0xc,0x64
R,0xf92aed8
W,0x10,0x8ba4110
R,0x10
R,0x8ba4110
R,0xc
W,0xc,0x65
R,0x8ba4118
W,0x10,0x829d820
R,0x10
R,0x829d820
R,0xc
W,0xc,0x66
R,0x829d828
W,0x10,0x9f37900
R,0x10
R,0x9f37900
R,0xc
W,0xc,0x67
R,0x9f37908
W,0x10,0xdea85c0
R,0x10
R,0xdea85c0
R,0xc
W,0xc,0x68
R,0xdea85c8
W,0x10,0x710aae0
R,0x10
R,0x710aae0
R,0xc
W,0xc,0x69
R,0x710aae8
W,0x10,0x6a4db0
R,0x10
R,0x6a4db0
R,0xc
W,0xc,0x6a
R,0x6a4db8
W,0x10,0xa04500
R,0x10
R,0xa04500
R,0xc
W,0xc,0x6b
R,0xa04508
W,0x10,0x64bd3f0
R,0x10
R,0x64bd3f0
R,0xc
W,0xc,0x6c
R,0x64bd3f8
W,0x10,0xd86b6b0
R,0x10
R,0xd86b6b0
R,0xc
W,0xc,0x6d
R,0xd86b6b8
W,0x10,0x8316860
R,0x10
R,0x8316860
R,0xc
W,0xc,0x6e
R,0x8316868
W,0x10,0x44a2f0
R,0x10
R,0x44a2f0
R,0xc
W,0xc,0x6f
R,0x44a2f8
W,0x10,0x61dbc80
R,0x10
R,0x61dbc80
R,0xc
W,0xc,0x70
R,0x61dbc88
W,0x10,0x78f1f90
R,0x10
R,0x78f1f90
R,0xc
W,0xc,0x71
R,0x78f1f98
W,0x10,0xe21da20
R,0x10
R,0xe21da20
R,0xc
W,0xc,0x72
R,0xe21da28
W,0x10,0x7137120
R,0x10
R,0x7137120
R,0xc
W,0xc,0x73
R,0x7137128
W,0x10,0x8101ec0
R,0x10
R,0x8101ec0
R,0xc
W,0xc,0x74
R,0x8101ec8
W,0x10,0x5e903c0
R,0x10
R,0x5e903c0
R,0xc
W,0xc,0x75
R,0x5e903c8
W,0x10,0x1d572c0
R,0x10
R,0x1d572c0
R,0xc
W,0xc,0x76
R,0x1d572c8
W,0x10,0x100bb00
R,0x10
R,0x100bb00
R,0xc
W,0xc,0x77
R,0x100bb08
W,0x10,0x8817e40
R,0x10
R,0x8817e40
R,0xc
W,0xc,0x78
R,0x8817e48
W,0x10,0x3f1f6f0
R,0x10
R,0x3f1f6f0
R,0xc
W,0xc,0x79
R,0x3f1f6f8
W,0x10,0x44c8190
R,0x10
R,0x44c8190
R,0xc
W,0xc,0x7a
R,0x44c8198
W,0x10,0x3e657a0
R,0x10
R,0x3e657a0
R,0xc
W,0xc,0x7b
R,0x3e657a8
W,0x10,0xd540960
R,0x10
R,0xd540960
R,0xc
W,0xc,0x7c
R,0xd540968
W,0x10,0x41150a0
R,0x10
R,0x41150a0
R,0xc
W,0xc,0x7d
R,0x41150a8
W,0x10,0x997efa0
R,0x10
R,0x997efa0
R,0xc
W,0xc,0x7e
R,0x997efa8
W,0x10,0x1c15f90
R,0x10
R,0x1c15f90
R,0xc
W,0xc,0x7f
R,0x1c15f98
W,0x10,0x553e200
R,0x10
R,0x553e200
R,0xc
W,0xc,0x80
R,0x553e208
W,0x10,0xfd44730
R,0x10
R,0xfd44730
R,0xc
W,0xc,0x81
R,0xfd44738
W,0x10,0x6a34590
R,0x10
R,0x6a34590
R,0xc
W,0xc,0x82
R,0x6a34598
W,0x10,0xb237b70
R,0x10
R,0xb237b70
R,0xc
W,0xc,0x83
R,0xb237b78
W,0x10,0x15c7750
R,0x10
R,0x15c7750
R,0xc
W,0xc,0x84
R,0x15c7758
W,0x10,0x809e9f0
R,0x10
R,0x809e9f0
R,0xc
W,0xc,0x85
R,0x809e9f8
W,0x10,0xd182530
R,0x10
R,0xd182530
R,0xc
W,0xc,0x86
R,0xd182538
W,0x10,0x8e93410
R,0x10
R,0x8e93410
R,0xc
W,0xc,0x87
R,0x8e93418
W,0x10,0xcd66920
R,0x10
R,0xcd66920
R,0xc
W,0xc,0x88
R,0xcd66928
W,0x10,0xf4dd770
R,0x10
R,0xf4dd770
R,0xc
W,0xc,0x89
R,0xf4dd778
W,0x10,0xde60210
R,0x10
R,0xde60210
R,0xc
W,0xc,0x8a
R,0xde60218
W,0x10,0xece0cc0
R,0x10
R,0xece0cc0
R,0xc
W,0xc,0x8b
R,0xece0cc8
W,0x10,0xe7e5120
R,0x10
R,0xe7e5120
R,0xc
W,0xc,0x8c
R,0xe7e5128
W,0x10,0x8f772f0
R,0x10
R,0x8f772f0
R,0xc
W,0xc,0x8d
R,0x8f772f8
W,0x10,0x7e5cdf0
R,0x10
R,0x7e5cdf0
R,0xc
W,0xc,0x8e
R,0x7e5cdf8
W,0x10,0x338d2e0
R,0x10
R,0x338d2e0
R,0xc
W,0xc,0x8f
R,0x338d2e8
W,0x10,0x3173b0
R,0x10
R,0x3173b0
R,0xc
W,0xc,0x90
R,0x3173b8
W,0x10,0x2b28380
R,0x10
R,0x2b28380
R,0xc
W,0xc,0x91
R,0x2b28388
W,0x10,0x1155dd0
R,0x10
R,0x1155dd0
R,0xc
W,0xc,0x92
R,0x1155dd8
W,0x10,0x5339c70
R,0x10
R,0x5339c70
R,0xc
W,0xc,0x93
R,0x5339c78
W,0x10,0x9f58ef0
R,0x10
R,0x9f58ef0
R,0xc
W,0xc,0x94
R,0x9f58ef8
W,0x10,0x83b740
R,0x10
R,0x83b740
R,0xc
W,0xc,0x95
R,0x83b748
W,0x10,0xb2227e0
R,0x10
R,0xb2227e0
R,0xc
W,0xc,0x96
R,0xb2227e8
W,0x10,0x592bfd0
R,0x10
R,0x592bfd0
R,0xc
W,0xc,0x97
R,0x592bfd8
W,0x10,0x9d50a40
R,0x10
R,0x9d50a40
R,0xc
W,0xc,0x98
R,0x9d50a48
W,0x10,0xd119cb0
R,0x10
R,0xd119cb0
R,0xc
W,0xc,0x99
R,0xd119cb8
W,0x10,0x8f5fc60
R,0x10
R,0x8f5fc60
R,0xc
W,0xc,0x9a
R,0x8f5fc68
W,0x10,0x7bd5430
R,0x10
R,0x7bd5430
R,0xc
W,0xc,0x9b
R,0x7bd5438
W,0x10,0xa59a280
R,0x10
R,0xa59a280
R,0xc
W,0xc,0x9c
R,0xa59a288
W,0x10,0xce76470
R,0x10
R,0xce76470
R,0xc
W,0xc,0x9d
R,0xce76478
W,0x10,0xe57c530
R,0x10
R,0xe57c530
R,0xc
W,0xc,0x9e
R,0xe57c538
W,0x10,0xbfc1720
R,0x10
R,0xbfc1720
R,0xc
W,0xc,0x9f
R,0xbfc1728
W,0x10,0x4b18b10
R,0x10
R,0x4b18b10
R,0xc
W,0xc,0xa0
R,0x4b18b18
W,0x10,0xa854fc0
R,0x10
R,0xa854fc0
R,0xc
W,0xc,0xa1
R,0xa854fc8
W,0x10,0x38d420
R,0x10
R,0x38d420
R,0xc
W,0xc,0xa2
R,0x38d428
W,0x10,0xfa5ab0
R,0x10
R,0xfa5ab0
R,0xc
W,0xc,0xa3
R,0xfa5ab8
W,0x10,0x1ddec50
R,0x10
R,0x1ddec50
R,0xc
W,0xc,0xa4
R,0x1ddec58
W,0x10,0xdff5c40
R,0x10
R,0xdff5c40
R,0xc
W,0xc,0xa5
R,0xdff5c48
W,0x10,0x241ea0
R,0x10
R,0x241ea0
R,0xc
W,0xc,0xa6
R,0x241ea8
W,0x10,0x445f8e0
R,0x10
R,0x445f8e0
R,0xc
W,0xc,0xa7
R,0x445f8e8
W,0x10,0x409a1b0
R,0x10
R,0x409a1b0
R,0xc
W,0xc,0xa8
R,0x409a1b8
W,0x10,0x6078f00
R,0x10
R,0x6078f00
R,0xc
W,0xc,0xa9
R,0x6078f08
W,0x10,0xb465740
R,0x10
R,0xb465740
R,0xc
W,0xc,0xaa
R,0xb465748
W,0x10,0x5ded3e0
R,0x10
R,0x5ded3e0
R,0xc
W,0xc,0xab
R,0x5ded3e8
W,0x10,0x8d2c9a0
R,0x10
R,0x8d2c9a0
R,0xc
W,0xc,0xac
R,0x8d2c9a8
W,0x10,0x9b18540
R,0x10
R,0x9b18540
R,0xc
W,0xc,0xad
R,0x9b18548
W,0x10,0xd081830
R,0x10
R,0xd081830
R,0xc
W,0xc,0xae
R,0xd081838
W,0x10,0xccdf890
R,0x10
R,0xccdf890
R,0xc
W,0xc,0xaf
R,0xccdf898
W,0x10,0x36ffcb0
R,0x10
R,0x36ffcb0
R,0xc
W,0xc,0xb0
R,0x36ffcb8
W,0x10,0xf223cb0
R,0x10
R,0xf223cb0
R,0xc
W,0xc,0xb1
R,0xf223cb8
W,0x10,0xc01b390
R,0x10
R,0xc01b390
R,0xc
W,0xc,0xb2
R,0xc01b398
W,0x10,0x754e380
R,0x10
R,0x754e380
R,0xc
W,0xc,0xb3
R,0x754e388
W,0x10,0x6e6e330
R,0x10
R,0x6e6e330
R,0xc
W,0xc,0xb4
R,0x6e6e338
W,0x10,0xa8f10d0
R,0x10
R,0xa8f10d0
R,0xc
W,0xc,0xb5
R,0xa8f10d8
W,0x10,0x9976bc0
R,0x10
R,0x9976bc0
R,0xc
W,0xc,0xb6
R,0x9976bc8
W,0x10,0xdb9fb40
R,0x10
R,0xdb9fb40
R,0xc
W,0xc,0xb7
R,0xdb9fb48
W,0x10,0x2b8ce50
R,0x10
R,0x2b8ce50
R,0xc
W,0xc,0xb8
R,0x2b8ce58
W,0x10,0xb2ded60
R,0x10
R,0xb2ded60
R,0xc
W,0xc,0xb9
R,0xb2ded68
W,0x10,0xe232da0
R,0x10
R,0xe232da0
R,0xc
W,0xc,0xba
R,0xe232da8
W,0x10,0x9f6bf40
R,0x10
R,0x9f6bf40
R,0xc
W,0xc,0xbb
R,0x9f6bf48
W,0x10,0xc6be9b0
R,0x10
R,0xc6be9b0
R,0xc
W,0xc,0xbc
R,0xc6be9b8
W,0x10,0xf5e1b10
R,0x10
R,0xf5e1b10
R,0xc
W,0xc,0xbd
R,0xf5e1b18
W,0x10,0x63630d0
R,0x10
R,0x63630d0
R,0xc
W,0xc,0xbe
R,0x63630d8
W,0x10,0x352e480
R,0x10
R,0x352e480
R,0xc
W,0xc,0xbf
R,0x352e488
W,0x10,0x216cea0
R,0x10
R,0x216cea0
R,0xc
W,0xc,0xc0
R,0x216cea8
W,0x10,0x8508180
R,0x10
R,0x8508180
R,0xc
W,0xc,0xc1
R,0x8508188
W,0x10,0x13c2760
R,0x10
R,0x13c2760
R,0xc
W,0xc,0xc2
R,0x13c2768
W,0x10,0x4dc7ab0
R,0x10
R,0x4dc7ab0
R,0xc
W,0xc,0xc3
R,0x4dc7ab8
W,0x10,0x6dc0330
R,0x10
R,0x6dc0330
R,0xc
W,0xc,0xc4
R,0x6dc0338
W,0x10,0x313c690
R,0x10
R,0x313c690
R,0xc
W,0xc,0xc5
R,0x313c698
W,0x10,0x14a9460
R,0x10
R,0x14a9460
R,0xc
W,0xc,0xc6
R,0x14a9468
W,0x10,0x6aac1a0
R,0x10
R,0x6aac1a0
R,0xc
W,0xc,0xc7
R,0x6aac1a8
W,0x10,0xf22880
R,0x10
R,0xf22880
R,0xc
W,0xc,0xc8
R,0xf22888
W,0x10,0x74d85c0
R,0x10
R,0x74d85c0
R,0xc
W,0xc,0xc9
R,0x74d85c8
W,0x10,0xcd6b600
R,0x10
R,0xcd6b600
R,0xc
W,0xc,0xca
R,0xcd6b608
W,0x10,0x53a4c0
R,0x10
R,0x53a4c0
R,0xc
W,0xc,0xcb
R,0x53a4c8
W,0x10,0x2d7ca90
R,0x10
R,0x2d7ca90
R,0xc
W,0xc,0xcc
R,0x2d7ca98
W,0x10,0x8db2660
R,0x10
R,0x8db2660
R,0xc
W,0xc,0xcd
R,0x8db2668
W,0x10,0x2a7cfc0
R,0x10
R,0x2a7cfc0
R,0xc
W,0xc,0xce
R,0x2a7cfc8
W,0x10,0xcd577f0
R,0x10
R,0xcd577f0
R,0xc
W,0xc,0xcf
R,0xcd577f8
W,0x10,0x6c9f390
R,0x10
R,0x6c9f390
R,0xc
W,0xc,0xd0
R,0x6c9f398
W,0x10,0xd9fcd80
R,0x10
R,0xd9fcd80
R,0xc
W,0xc,0xd1
R,0xd9fcd88
W,0x10,0xea5e2a0
R,0x10
R,0xea5e2a0
R,0xc
W,0xc,0xd2
R,0xea5e2a8
W,0x10,0x3519a60
R,0x10
R,0x3519a60
R,0xc
W,0xc,0xd3
R,0x3519a68
W,0x10,0x16857c0
R,0x10
R,0x16857c0
R,0xc
W,0xc,0xd4
R,0x16857c8
W,0x10,0xf2ed540
R,0x10
R,0xf2ed540
R,0xc
W,0xc,0xd5
R,0xf2ed548
W,0x10,0x60fa2c0
R,0x10
R,0x60fa2c0
R,0xc
W,0xc,0xd6
R,0x60fa2c8
W,0x10,0xf5fd060
R,0x10
R,0xf5fd060
R,0xc
W,0xc,0xd7
R,0xf5fd068
W,0x10,0x8195090
R,0x10
R,0x8195090
R,0xc
W,0xc,0xd8
R,0x8195098
W,0x10,0x1ba5c10
R,0x10
R,0x1ba5c10
R,0xc
W,0xc,0xd9
R,0x1ba5c18
W,0x10,0xced7340
R,0x10
R,0xced7340
R,0xc
W,0xc,0xda
R,0xced7348
W,0x10,0xb8d3f10
R,0x10
R,0xb8d3f10
R,0xc
W,0xc,0xdb
R,0xb8d3f18
W,0x10,0xeb90c50
R,0x10
R,0xeb90c50
R,0xc
W,0xc,0xdc
R,0xeb90c58
W,0x10,0x6fd190
R,0x10
R,0x6fd190
R,0xc
W,0xc,0xdd
R,0x6fd198
W,0x10,0x3ceebf0
R,0x10
R,0x3ceebf0
R,0xc
W,0xc,0xde
R,0x3ceebf8
W,0x10,0x7359a00
R,0x10
R,0x7359a00
R,0xc
W,0xc,0xdf
R,0x7359a08
W,0x10,0xc610600
R,0x10
R,0xc610600
R,0xc
W,0xc,0xe0
R,0xc610608
W,0x10,0xb8d89c0
R,0x10
R,0xb8d89c0
R,0xc
W,0xc,0xe1
R,0xb8d89c8
W,0x10,0xef32520
R,0x10
R,0xef32520
R,0xc
W,0xc,0xe2
R,0xef32528
W,0x10,0x63a0eb0
R,0x10
R,0x63a0eb0
R,0xc
W,0xc,0xe3
R,0x63a0eb8
W,0x10,0x7143fe0
R,0x10
R,0x7143fe0
R,0xc
W,0xc,0xe4
R,0x7143fe8
W,0x10,0x35c3680
R,0x10
R,0x35c3680
R,0xc
W,0xc,0xe5
R,0x35c3688
W,0x10,0x969b380
R,0x10
R,0x969b380
R,0xc
W,0xc,0xe6
R,0x969b388
W,0x10,0x877d90
R,0x10
R,0x877d90
R,0xc
W,0xc,0xe7
R,0x877d98
W,0x10,0xdafc830
R,0x10
R,0xdafc830
R,0xc
W,0xc,0xe8
R,0xdafc838
W,0x10,0x7fb4a30
R,0x10
R,0x7fb4a30
R,0xc
W,0xc,0xe9
R,0x7fb4a38
W,0x10,0x10e00c0
R,0x10
R,0x10e00c0
R,0xc
W,0xc,0xea
R,0x10e00c8
W,0x10,0x2300e60
R,0x10
R,0x2300e60
R,0xc
W,0xc,0xeb
R,0x2300e68
W,0x10,0x42b0bd0
R,0x10
R,0x42b0bd0
R,0xc
W,0xc,0xec
R,0x42b0bd8
W,0x10,0x2404140
R,0x10
R,0x2404140
R,0xc
W,0xc,0xed
R,0x2404148
W,0x10,0xf670f30
R,0x10
R,0xf670f30
R,0xc
W,0xc,0xee
R,0xf670f38
W,0x10,0x87c9560
R,0x10
R,0x87c9560
R,0xc
W,0xc,0xef
R,0x87c9568
W,0x10,0x308c510
R,0x10
R,0x308c510
R,0xc
W,0xc,0xf0
R,0x308c518
W,0x10,0x2b27fe0
R,0x10
R,0x2b27fe0
R,0xc
W,0xc,0xf1
R,0x2b27fe8
W,0x10,0x7fe8070
R,0x10
R,0x7fe8070
R,0xc
W,0xc,0xf2
R,0x7fe8078
W,0x10,0x8148070
R,0x10
R,0x8148070
R,0xc
W,0xc,0xf3
R,0x8148078
W,0x10,0x5957a00
R,0x10
R,0x5957a00
R,0xc
W,0xc,0xf4
R,0x5957a08
W,0x10,0xce15280
R,0x10
R,0xce15280
R,0xc
W,0xc,0xf5
R,0xce15288
W,0x10,0xa18b0c0
R,0x10
R,0xa18b0c0
R,0xc
W,0xc,0xf6
R,0xa18b0c8
W,0x10,0x39ceff0
R,0x10
R,0x39ceff0
R,0xc
W,0xc,0xf7
R,0x39ceff8
W,0x10,0x8513d80
R,0x10
R,0x8513d80
R,0xc
W,0xc,0xf8
R,0x8513d88
W,0x10,0xc6c7c00
R,0x10
R,0xc6c7c00
R,0xc
W,0xc,0xf9
R,0xc6c7c08
W,0x10,0x3537040
R,0x10
R,0x3537040
R,0xc
W,0xc,0xfa
R,0x3537048
W,0x10,0x7f8a620
R,0x10
R,0x7f8a620
R,0xc
W,0xc,0xfb
R,0x7f8a628
W,0x10,0x85f9a80
R,0x10
R,0x85f9a80
R,0xc
W,0xc,0xfc
R,0x85f9a88
W,0x10,0x8c2ce60
R,0x10
R,0x8c2ce60
R,0xc
W,0xc,0xfd
R,0x8c2ce68
W,0x10,0xae39f20
R,0x10
R,0xae39f20
R,0xc
W,0xc,0xfe
R,0xae39f28
W,0x10,0xf2dcfc0
R,0x10
R,0xf2dcfc0
R,0xc
W,0xc,0xff
R,0xf2dcfc8
W,0x10,0xf971200
R,0x10
R,0xf971200
R,0xc
W,0xc,0x100
R,0xf971208
W,0x10,0x4311db0
R,0x10
R,0x4311db0
R,0xc
W,0xc,0x101
R,0x4311db8
W,0x10,0xaf41820
R,0x10
R,0xaf41820
R,0xc
W,0xc,0x102
R,0xaf41828
W,0x10,0x3597a00
R,0x10
R,0x3597a00
R,0xc
W,0xc,0x103
R,0x3597a08
W,0x10,0xe9caba0
R,0x10
R,0xe9caba0
R,0xc
W,0xc,0x104
R,0xe9caba8
W,0x10,0xde94b90
R,0x10
R,0xde94b90
R,0xc
W,0xc,0x105
R,0xde94b98
W,0x10,0xfdbaad0
R,0x10
R,0xfdbaad0
R,0xc
W,0xc,0x106
R,0xfdbaad8
W,0x10,0xfd0dbc0
R,0x10
R,0xfd0dbc0
R,0xc
W,0xc,0x107
R,0xfd0dbc8
W,0x10,0x6551a90
R,0x10
R,0x6551a90
R,0xc
W,0xc,0x108
R,0x6551a98
W,0x10,0x8287cc0
R,0x10
R,0x8287cc0
R,0xc
W,0xc,0x109
R,0x8287cc8
W,0x10,0xc0d7d0
R,0x10
R,0xc0d7d0
R,0xc
W,0xc,0x10a
R,0xc0d7d8
W,0x10,0x2c14e00
R,0x10
R,0x2c14e00
R,0xc
W,0xc,0x10b
R,0x2c14e08
W,0x10,0x5ccbd10
R,0x10
R,0x5ccbd10
R,0xc
W,0xc,0x10c
R,0x5ccbd18
W,0x10,0xde1c410
R,0x10
R,0xde1c410
R,0xc
W,0xc,0x10d
R,0xde1c418
W,0x10,0x24c56f0
R,0x10
R,0x24c56f0
R,0xc
W,0xc,0x10e
R,0x24c56f8
W,0x10,0x23007e0
R,0x10
R,0x23007e0
R,0xc
W,0xc,0x10f
R,0x23007e8
W,0x10,0xddbf490
R,0x10
R,0xddbf490
R,0xc
W,0xc,0x110
R,0xddbf498
W,0x10,0x1512cd0
R,0x10
R,0x1512cd0
R,0xc
W,0xc,0x111
R,0x1512cd8
W,0x10,0x671f9e0
R,0x10
R,0x671f9e0
R,0xc
W,0xc,0x112
R,0x671f9e8
W,0x10,0x7e2c160
R,0x10
R,0x7e2c160
R,0xc
W,0xc,0x113
R,0x7e2c168
W,0x10,0x9b1bef0
R,0x10
R,0x9b1bef0
R,0xc
W,0xc,0x114
R,0x9b1bef8
W,0x10,0x2bff1d0
R,0x10
R,0x2bff1d0
R,0xc
W,0xc,0x115
R,0x2bff1d8
W,0x10,0x5557a40
R,0x10
R,0x5557a40
R,0xc
W,0xc,0x116
R,0x5557a48
W,0x10,0x9ccdda0
R,0x10
R,0x9ccdda0
R,0xc
W,0xc,0x117
R,0x9ccdda8
W,0x10,0x7eceb80
R,0x10
R,0x7eceb80
R,0xc
W,0xc,0x118
R,0x7eceb88
W,0x10,0x539dcc0
R,0x10
R,0x539dcc0
R,0xc
W,0xc,0x119
R,0x539dcc8
W,0x10,0x1fc3b0
R,0x10
R,0x1fc3b0
R,0xc
W,0xc,0x11a
R,0x1fc3b8
W,0x10,0x97fdda0
R,0x10
R,0x97fdda0
R,0xc
W,0xc,0x11b
R,0x97fdda8
W,0x10,0xfdeec40
R,0x10
R,0xfdeec40
R,0xc
W,0xc,0x11c
R,0xfdeec48
W,0x10,0x9be5df0
R,0x10
R,0x9be5df0
R,0xc
W,0xc,0x11d
R,0x9be5df8
W,0x10,0xf783e00
R,0x10
R,0xf783e00
R,0xc
W,0xc,0x11e
R,0xf783e08
W,0x10,0x9044230
R,0x10
R,0x9044230
R,0xc
W,0xc,0x11f
R,0x9044238
W,0x10,0x9fcfc60
R,0x10
R,0x9fcfc60
R,0xc
W,0xc,0x120
R,0x9fcfc68
W,0x10,0x2602140
R,0x10
R,0x2602140
R,0xc
W,0xc,0x121
R,0x2602148
W,0x10,0x97c7c30
R,0x10
R,0x97c7c30
R,0xc
W,0xc,0x122
R,0x97c7c38
W,0x10,0x13c11e0
R,0x10
R,0x13c11e0
R,0xc
W,0xc,0x123
R,0x13c11e8
W,0x10,0x3abf800
R,0x10
R,0x3abf800
R,0xc
W,0xc,0x124
R,0x3abf808
W,0x10,0xeac3b90
R,0x10
R,0xeac3b90
R,0xc
W,0xc,0x125
R,0xeac3b98
W,0x10,0x1fe2170
R,0x10
R,0x1fe2170
R,0xc
W,0xc,0x126
R,0x1fe2178
W,0x10,0xe3806b0
R,0x10
R,0xe3806b0
R,0xc
W,0xc,0x127
R,0xe3806b8
W,0x10,0x48b8bd0
R,0x10
R,0x48b8bd0
R,0xc
W,0xc,0x128
R,0x48b8bd8
W,0x10,0xb72a710
R,0x10
R,0xb72a710
R,0xc
W,0xc,0x129
R,0xb72a718
W,0x10,0xe2c5870
R,0x10
R,0xe2c5870
R,0xc
W,0xc,0x12a
R,0xe2c5878
W,0x10,0xaa12c20
R,0x10
R,0xaa12c20
R,0xc
W,0xc,0x12b
R,0xaa12c28
W,0x10,0xa39b400
R,0x10
R,0xa39b400
R,0xc
W,0xc,0x12c
R,0xa39b408
W,0x10,0xb0e7190
R,0x10
R,0xb0e7190
R,0xc
W,0xc,0x12d
R,0xb0e7198
W,0x10,0x3208100
R,0x10
R,0x3208100
R,0xc
W,0xc,0x12e
R,0x3208108
W,0x10,0xf7cb860
R,0x10
R,0xf7cb860
R,0xc
W,0xc,0x12f
R,0xf7cb868
W,0x10,0x2e7b970
R,0x10
R,0x2e7b970
R,0xc
W,0xc,0x130
R,0x2e7b978
W,0x10,0x5ec15e0
R,0x10
R,0x5ec15e0
R,0xc
W,0xc,0x131
R,0x5ec15e8
W,0x10,0xce6db70
R,0x10
R,0xce6db70
R,0xc
W,0xc,0x132
R,0xce6db78
W,0x10,0x126ecc0
R,0x10
R,0x126ecc0
R,0xc
W,0xc,0x133
R,0x126ecc8
W,0x10,0x6b62180
R,0x10
R,0x6b62180
R,0xc
W,0xc,0x134
R,0x6b62188
W,0x10,0xdfec150
R,0x10
R,0xdfec150
R,0xc
W,0xc,0x135
R,0xdfec158
W,0x10,0x8a7f620
R,0x10
R,0x8a7f620
R,0xc
W,0xc,0x136
R,0x8a7f628
W,0x10,0x9fe5d00
R,0x10
R,0x9fe5d00
R,0xc
W,0xc,0x137
R,0x9fe5d08
W,0x10,0xb5e900
R,0x10
R,0xb5e900
R,0xc
W,0xc,0x138
R,0xb5e908
W,0x10,0x7682a40
R,0x10
R,0x7682a40
R,0xc
W,0xc,0x139
R,0x7682a48
W,0x10,0xd475e10
R,0x10
R,0xd475e10
R,0xc
W,0xc,0x13a
R,0xd475e18
W,0x10,0x2b562a0
R,0x10
R,0x2b562a0
R,0xc
W,0xc,0x13b
R,0x2b562a8
W,0x10,0x3888e00
R,0x10
R,0x3888e00
R,0xc
W,0xc,0x13c
R,0x3888e08
W,0x10,0xc7e3930
R,0x10
R,0xc7e3930
R,0xc
W,0xc,0x13d
R,0xc7e3938
W,0x10,0xfde9830
R,0x10
R,0xfde9830
R,0xc
W,0xc,0x13e
R,0xfde9838
W,0x10,0x7efa3f0
R,0x10
R,0x7efa3f0
R,0xc
W,0xc,0x13f
R,0x7efa3f8
W,0x10,0x9c3b0a0
R,0x10
R,0x9c3b0a0
R,0xc
W,0xc,0x140
R,0x9c3b0a8
W,0x10,0x64b9e90
R,0x10
R,0x64b9e90
R,0xc
W,0xc,0x141
R,0x64b9e98
W,0x10,0xcac5510
R,0x10
R,0xcac5510
R,0xc
W,0xc,0x142
R,0xcac5518
W,0x10,0x10949c0
R,0x10
R,0x10949c0
R,0xc
W,0xc,0x143
R,0x10949c8
W,0x10,0x4517b0
R,0x10
R,0x4517b0
R,0xc
W,0xc,0x144
R,0x4517b8
W,0x10,0x6b5490
R,0x10
R,0x6b5490
R,0xc
W,0xc,0x145
R,0x6b5498
W,0x10,0xa4ffff0
R,0x10
R,0xa4ffff0
R,0xc
W,0xc,0x146
R,0xa4ffff8
W,0x10,0x8bc24a0
R,0x10
R,0x8bc24a0
R,0xc
W,0xc,0x147
R,0x8bc24a8
W,0x10,0x75da880
R,0x10
R,0x75da880
R,0xc
W,0xc,0x148
R,0x75da888
W,0x10,0x1219780
R,0x10
R,0x1219780
R,0xc
W,0xc,0x149
R,0x1219788
W,0x10,0xc445e00
R,0x10
R,0xc445e00
R,0xc
W,0xc,0x14a
R,0xc445e08
W,0x10,0xaa72ea0
R,0x10
R,0xaa72ea0
R,0xc
W,0xc,0x14b
R,0xaa72ea8
W,0x10,0xb0fb720
R,0x10
R,0xb0fb720
R,0xc
W,0xc,0x14c
R,0xb0fb728
W,0x10,0xca54e00
R,0x10
R,0xca54e00
R,0xc
W,0xc,0x14d
R,0xca54e08
W,0x10,0x9c5ea80
R,0x10
R,0x9c5ea80
R,0xc
W,0xc,0x14e
R,0x9c5ea88
W,0x10,0xe86af0
R,0x10
R,0xe86af0
R,0xc
W,0xc,0x14f
R,0xe86af8
W,0x10,0xf490
R,0x10
R,0xf490
R,0xc
W,0xc,0x150
R,0xf498
W,0x10,0x64b970
R,0x10
R,0x64b970
R,0xc
W,0xc,0x151
R,0x64b978
W,0x10,0x841bf60
R,0x10
R,0x841bf60
R,0xc
W,0xc,0x152
R,0x841bf68
W,0x10,0x66cc9f0
R,0x10
R,0x66cc9f0
R,0xc
W,0xc,0x153
R,0x66cc9f8
W,0x10,0xaa52430
R,0x10
R,0xaa52430
R,0xc
W,0xc,0x154
R,0xaa52438
W,0x10,0xd05cc40
R,0x10
R,0xd05cc40
R,0xc
W,0xc,0x155
R,0xd05cc48
W,0x10,0x876caf0
R,0x10
R,0x876caf0
R,0xc
W,0xc,0x156
R,0x876caf8
W,0x10,0x4d6d2b0
R,0x10
R,0x4d6d2b0
R,0xc
W,0xc,0x157
R,0x4d6d2b8
W,0x10,0x91f01e0
R,0x10
R,0x91f01e0
R,0xc
W,0xc,0x158
R,0x91f01e8
W,0x10,0x55f4d90
R,0x10
R,0x55f4d90
R,0xc
W,0xc,0x159
R,0x55f4d98
W,0x10,0x8164e20
R,0x10
R,0x8164e20
R,0xc
W,0xc,0x15a
R,0x8164e28
W,0x10,0x43ae5d0
R,0x10
R,0x43ae5d0
R,0xc
W,0xc,0x15b
R,0x43ae5d8
W,0x10,0x5eaf70
R,0x10
R,0x5eaf70
R,0xc
W,0xc,0x15c
R,0x5eaf78
W,0x10,0x2570800
R,0x10
R,0x2570800
R,0xc
W,0xc,0x15d
R,0x2570808
W,0x10,0xe7859e0
R,0x10
R,0xe7859e0
R,0xc
W,0xc,0x15e
R,0xe7859e8
W,0x10,0xa6e9090
R,0x10
R,0xa6e9090
R,0xc
W,0xc,0x15f
R,0xa6e9098
W,0x10,0x1fed1d0
R,0x10
R,0x1fed1d0
R,0xc
W,0xc,0x160
R,0x1fed1d8
W,0x10,0xd905270
R,0x10
R,0xd905270
R,0xc
W,0xc,0x161
R,0xd905278
W,0x10,0xe94b440
R,0x10
R,0xe94b440
R,0xc
W,0xc,0x162
R,0xe94b448
W,0x10,0x7e648d0
R,0x10
R,0x7e648d0
R,0xc
W,0xc,0x163
R,0x7e648d8
W,0x10,0xa8a5610
R,0x10
R,0xa8a5610
R,0xc
W,0xc,0x164
R,0xa8a5618
W,0x10,0xef0acc0
R,0x10
R,0xef0acc0
R,0xc
W,0xc,0x165
R,0xef0acc8
W,0x10,0x65ec710
R,0x10
R,0x65ec710
R,0xc
W,0xc,0x166
R,0x65ec718
W,0x10,0xa02f10
R,0x10
R,0xa02f10
R,0xc
W,0xc,0x167
R,0xa02f18
W,0x10,0xcc35540
R,0x10
R,0xcc35540
R,0xc
W,0xc,0x168
R,0xcc35548
W,0x10,0x962a400
R,0x10
R,0x962a400
R,0xc
W,0xc,0x169
R,0x962a408
W,0x10,0x5247d80
R,0x10
R,0x5247d80
R,0xc
W,0xc,0x16a
R,0x5247d88
W,0x10,0x9e48a10
R,0x10
R,0x9e48a10
R,0xc
W,0xc,0x16b
R,0x9e48a18
W,0x10,0x8f6f420
R,0x10
R,0x8f6f420
R,0xc
W,0xc,0x16c
R,0x8f6f428
W,0x10,0xa9c7e0
R,0x10
R,0xa9c7e0
R,0xc
W,0xc,0x16d
R,0xa9c7e8
W,0x10,0x6c4b460
R,0x10
R,0x6c4b460
R,0xc
W,0xc,0x16e
R,0x6c4b468
W,0x10,0xad59d90
R,0x10
R,0xad59d90
R,0xc
W,0xc,0x16f
R,0xad59d98
W,0x10,0xf731b90
R,0x10
R,0xf731b90
R,0xc
W,0xc,0x170
R,0xf731b98
W,0x10,0x2a512a0
R,0x10
R,0x2a512a0
R,0xc
W,0xc,0x171
R,0x2a512a8
W,0x10,0xdba9710
R,0x10
R,0xdba9710
R,0xc
W,0xc,0x172
R,0xdba9718
W,0x10,0xe95bc80
R,0x10
R,0xe95bc80
R,0xc
W,0xc,0x173
R,0xe95bc88
W,0x10,0x80af6c0
R,0x10
R,0x80af6c0
R,0xc
W,0xc,0x174
R,0x80af6c8
W,0x10,0xd057eb0
R,0x10
R,0xd057eb0
R,0xc
W,0xc,0x175
R,0xd057eb8
W,0x10,0x2884c70
R,0x10
R,0x2884c70
R,0xc
W,0xc,0x176
R,0x2884c78
W,0x10,0x3f65590
R,0x10
R,0x3f65590
R,0xc
W,0xc,0x177
R,0x3f65598
W,0x10,0x6b45fc0
R,0x10
R,0x6b45fc0
R,0xc
W,0xc,0x178
R,0x6b45fc8
W,0x10,0x495d240
R,0x10
R,0x495d240
R,0xc
W,0xc,0x179
R,0x495d248
W,0x10,0xbaf05c0
R,0x10
R,0xbaf05c0
R,0xc
W,0xc,0x17a
R,0xbaf05c8
W,0x10,0x6a3bea0
R,0x10
R,0x6a3bea0
R,0xc
W,0xc,0x17b
R,0x6a3bea8
W,0x10,0x9f29c90
R,0x10
R,0x9f29c90
R,0xc
W,0xc,0x17c
R,0x9f29c98
W,0x10,0x9959920
R,0x10
R,0x9959920
R,0xc
W,0xc,0x17d
R,0x9959928
W,0x10,0xdded1d0
R,0x10
R,0xdded1d0
R,0xc
W,0xc,0x17e
R,0xdded1d8
W,0x10,0xa4fe4e0
R,0x10
R,0xa4fe4e0
R,0xc
W,0xc,0x17f
R,0xa4fe4e8
W,0x10,0x2656570
R,0x10
R,0x2656570
R,0xc
W,0xc,0x180
R,0x2656578
W,0x10,0x85ad0f0
R,0x10
R,0x85ad0f0
R,0xc
W,0xc,0x181
R,0x85ad0f8
W,0x10,0xc008af0
R,0x10
R,0xc008af0
R,0xc
W,0xc,0x182
R,0xc008af8
W,0x10,0xd192ef0
R,0x10
R,0xd192ef0
R,0xc
W,0xc,0x183
R,0xd192ef8
W,0x10,0x50112b0
R,0x10
R,0x50112b0
R,0xc
W,0xc,0x184
R,0x50112b8
W,0x10,0xaf14600
R,0x10
R,0xaf14600
R,0xc
W,0xc,0x185
R,0xaf14608
W,0x10,0xf12bb80
R,0x10
R,0xf12bb80
R,0xc
W,0xc,0x186
R,0xf12bb88
W,0x10,0xa5dba30
R,0x10
R,0xa5dba30
R,0xc
W,0xc,0x187
R,0xa5dba38
W,0x10,0x41d1e10
R,0x10
R,0x41d1e10
R,0xc
W,0xc,0x188
R,0x41d1e18
W,0x10,0x64583a0
R,0x10
R,0x64583a0
R,0xc
W,0xc,0x189
R,0x64583a8
W,0x10,0x15e7cf0
R,0x10
R,0x15e7cf0
R,0xc
W,0xc,0x18a
R,0x15e7cf8
W,0x10,0x6e53cf0
R,0x10
R,0x6e53cf0
R,0xc
W,0xc,0x18b
R,0x6e53cf8
W,0x10,0x4281ac0
R,0x10
R,0x4281ac0
R,0xc
W,0xc,0x18c
R,0x4281ac8
W,0x10,0x36f5430
R,0x10
R,0x36f5430
R,0xc
W,0xc,0x18d
R,0x36f5438
W,0x10,0x8946b20
R,0x10
R,0x8946b20
R,0xc
W,0xc,0x18e
R,0x8946b28
W,0x10,0x471270
R,0x10
R,0x471270
R,0xc
W,0xc,0x18f
R,0x471278
W,0x10,0xf84b650
R,0x10
R,0xf84b650
R,0xc
W,0xc,0x190
R,0xf84b658
W,0x10,0xb8971d0
R,0x10
R,0xb8971d0
R,0xc
W,0xc,0x191
R,0xb8971d8
W,0x10,0x1dc8430
R,0x10
R,0x1dc8430
R,0xc
W,0xc,0x192
R,0x1dc8438
W,0x10,0xb55cac0
R,0x10
R,0xb55cac0
R,0xc
W,0xc,0x193
R,0xb55cac8
W,0x10,0xa45a020
R,0x10
R,0xa45a020
R,0xc
W,0xc,0x194
R,0xa45a028
W,0x10,0x97b1ab0
R,0x10
R,0x97b1ab0
R,0xc
W,0xc,0x195
R,0x97b1ab8
W,0x10,0xe4d3420
R,0x10
R,0xe4d3420
R,0xc
W,0xc,0x196
R,0xe4d3428
W,0x10,0x32aeb30
R,0x10
R,0x32aeb30
R,0xc
W,0xc,0x197
R,0x32aeb38
W,0x10,0xde2c540
R,0x10
R,0xde2c540
R,0xc
W,0xc,0x198
R,0xde2c548
W,0x10,0xfe5adf0
R,0x10
R,0xfe5adf0
R,0xc
W,0xc,0x199
R,0xfe5adf8
W,0x10,0xfea03f0
R,0x10
R,0xfea03f0
R,0xc
W,0xc,0x19a
R,0xfea03f8
W,0x10,0x8177970
R,0x10
R,0x8177970
R,0xc
W,0xc,0x19b
R,0x8177978
W,0x10,0x1927380
R,0x10
R,0x1927380
R,0xc
W,0xc,0x19c
R,0x1927388
W,0x10,0xdca4f90
R,0x10
R,0xdca4f90
R,0xc
W,0xc,0x19d
R,0xdca4f98
W,0x10,0x97fdf10
R,0x10
R,0x97fdf10
R,0xc
W,0xc,0x19e
R,0x97fdf18
W,0x10,0xdbdf390
R,0x10
R,0xdbdf390
R,0xc
W,0xc,0x19f
R,0xdbdf398
W,0x10,0x3c7d1a0
R,0x10
R,0x3c7d1a0
R,0xc
W,0xc,0x1a0
R,0x3c7d1a8
W,0x10,0x3076690
R,0x10
R,0x3076690
R,0xc
W,0xc,0x1a1
R,0x3076698
W,0x10,0x41464d0
R,0x10
R,0x41464d0
R,0xc
W,0xc,0x1a2
R,0x41464d8
W,0x10,0x6ccc9b0
R,0x10
R,0x6ccc9b0
R,0xc
W,0xc,0x1a3
R,0x6ccc9b8
W,0x10,0xfaf1c50
R,0x10
R,0xfaf1c50
R,0xc
W,0xc,0x1a4
R,0xfaf1c58
W,0x10,0x4abaab0
R,0x10
R,0x4abaab0
R,0xc
W,0xc,0x1a5
R,0x4abaab8
W,0x10,0x7d43e10
R,0x10
R,0x7d43e10
R,0xc
W,0xc,0x1a6
R,0x7d43e18
W,0x10,0x6835cf0
R,0x10
R,0x6835cf0
R,0xc
W,0xc,0x1a7
R,0x6835cf8
W,0x10,0xe017be0
R,0x10
R,0xe017be0
R,0xc
W,0xc,0x1a8
R,0xe017be8
W,0x10,0xd2210b0
R,0x10
R,0xd2210b0
R,0xc
W,0xc,0x1a9
R,0xd2210b8
W,0x10,0xccba430
R,0x10
R,0xccba430
R,0xc
W,0xc,0x1aa
R,0xccba438
W,0x10,0x2f570c0
R,0x10
R,0x2f570c0
R,0xc
W,0xc,0x1ab
R,0x2f570c8
W,0x10,0x1459060
R,0x10
R,0x1459060
R,0xc
W,0xc,0x1ac
R,0x1459068
W,0x10,0x3536790
R,0x10
R,0x3536790
R,0xc
W,0xc,0x1ad
R,0x3536798
W,0x10,0x1bde4b0
R,0x10
R,0x1bde4b0
R,0xc
W,0xc,0x1ae
R,0x1bde4b8
W,0x10,0xd61fdf0
R,0x10
R,0xd61fdf0
R,0xc
W,0xc,0x1af
R,0xd61fdf8
W,0x10,0xc28eba0
R,0x10
R,0xc28eba0
R,0xc
W,0xc,0x1b0
R,0xc28eba8
W,0x10,0x2cb1640
R,0x10
R,0x2cb1640
R,0xc
W,0xc,0x1b1
R,0x2cb1648
W,0x10,0x68cd970
R,0x10
R,0x68cd970
R,0xc
W,0xc,0x1b2
R,0x68cd978
W,0x10,0x82080f0
R,0x10
R,0x82080f0
R,0xc
W,0xc,0x1b3
R,0x82080f8
W,0x10,0x3f9cee0
R,0x10
R,0x3f9cee0
R,0xc
W,0xc,0x1b4
R,0x3f9cee8
W,0x10,0x6799220
R,0x10
R,0x6799220
R,0xc
W,0xc,0x1b5
R,0x6799228
W,0x10,0x14c6f40
R,0x10
R,0x14c6f40
R,0xc
W,0xc,0x1b6
R,0x14c6f48
W,0x10,0x2af6380
R,0x10
R,0x2af6380
R,0xc
W,0xc,0x1b7
R,0x2af6388
W,0x10,0xf553e00
R,0x10
R,0xf553e00
R,0xc
W,0xc,0x1b8
R,0xf553e08
W,0x10,0x6b0a1d0
R,0x10
R,0x6b0a1d0
R,0xc
W,0xc,0x1b9
R,0x6b0a1d8
W,0x10,0xd856a70
R,0x10
R,0xd856a70
R,0xc
W,0xc,0x1ba
R,0xd856a78
W,0x10,0x53cd300
R,0x10
R,0x53cd300
R,0xc
W,0xc,0x1bb
R,0x53cd308
W,0x10,0xc5bf890
R,0x10
R,0xc5bf890
R,0xc
W,0xc,0x1bc
R,0xc5bf898
W,0x10,0xd3a2a80
R,0x10
R,0xd3a2a80
R,0xc
W,0xc,0x1bd
R,0xd3a2a88
W,0x10,0x5475d30
R,0x10
R,0x5475d30
R,0xc
W,0xc,0x1be
R,0x5475d38
W,0x10,0xc258fa0
R,0x10
R,0xc258fa0
R,0xc
W,0xc,0x1bf
R,0xc258fa8
W,0x10,0xd992680
R,0x10
R,0xd992680
R,0xc
W,0xc,0x1c0
R,0xd992688
W,0x10,0x5a733f0
R,0x10
R,0x5a733f0
R,0xc
W,0xc,0x1c1
R,0x5a733f8
W,0x10,0x8413b0
R,0x10
R,0x8413b0
R,0xc
W,0xc,0x1c2
R,0x8413b8
W,0x10,0x7172c10
R,0x10
R,0x7172c10
R,0xc
W,0xc,0x1c3
R,0x7172c18
W,0x10,0x5e05730
R,0x10
R,0x5e05730
R,0xc
W,0xc,0x1c4
R,0x5e05738
W,0x10,0x1ef82b0
R,0x10
R,0x1ef82b0
R,0xc
W,0xc,0x1c5
R,0x1ef82b8
W,0x10,0x4848420
R,0x10
R,0x4848420
R,0xc
W,0xc,0x1c6
R,0x4848428
W,0x10,0x5454af0
R,0x10
R,0x5454af0
R,0xc
W,0xc,0x1c7
R,0x5454af8
W,0x10,0x44bece0
R,0x10
R,0x44bece0
R,0xc
W,0xc,0x1c8
R,0x44bece8
W,0x10,0x77c9310
R,0x10
R,0x77c9310
R,0xc
W,0xc,0x1c9
R,0x77c9318
W,0x10,0x57a7090
R,0x10
R,0x57a7090
R,0xc
W,0xc,0x1ca
R,0x57a7098
W,0x10,0xffbe900
R,0x10
R,0xffbe900
R,0xc
W,0xc,0x1cb
R,0xffbe908
W,0x10,0xc0926b0
R,0x10
R,0xc0926b0
R,0xc
W,0xc,0x1cc
R,0xc0926b8
W,0x10,0xdda0a90
R,0x10
R,0xdda0a90
R,0xc
W,0xc,0x1cd
R,0xdda0a98
W,0x10,0x8ea5cf0
R,0x10
R,0x8ea5cf0
R,0xc
W,0xc,0x1ce
R,0x8ea5cf8
W,0x10,0x5cc980
R,0x10
R,0x5cc980
R,0xc
W,0xc,0x1cf
R,0x5cc988
W,0x10,0xc4461f0
R,0x10
R,0xc4461f0
R,0xc
W,0xc,0x1d0
R,0xc4461f8
W,0x10,0x8764a70
R,0x10
R,0x8764a70
R,0xc
W,0xc,0x1d1
R,0x8764a78
W,0x10,0x569f970
R,0x10
R,0x569f970
R,0xc
W,0xc,0x1d2
R,0x569f978
W,0x10,0xa789c50
R,0x10
R,0xa789c50
R,0xc
W,0xc,0x1d3
R,0xa789c58
W,0x10,0x973ff40
R,0x10
R,0x973ff40
R,0xc
W,0xc,0x1d4
R,0x973ff48
W,0x10,0x5fa40d0
R,0x10
R,0x5fa40d0
R,0xc
W,0xc,0x1d5
R,0x5fa40d8
W,0x10,0x75275f0
R,0x10
R,0x75275f0
R,0xc
W,0xc,0x1d6
R,0x75275f8
W,0x10,0x7fb74c0
R,0x10
R,0x7fb74c0
R,0xc
W,0xc,0x1d7
R,0x7fb74c8
W,0x10,0x8c38c40
R,0x10
R,0x8c38c40
R,0xc
W,0xc,0x1d8
R,0x8c38c48
W,0x10,0x6b1b620
R,0x10
R,0x6b1b620
R,0xc
W,0xc,0x1d9
R,0x6b1b628
W,0x10,0xaf896e0
R,0x10
R,0xaf896e0
R,0xc
W,0xc,0x1da
R,0xaf896e8
W,0x10,0x3d26e0
R,0x10
R,0x3d26e0
R,0xc
W,0xc,0x1db
R,0x3d26e8
W,0x10,0x9027270
R,0x10
R,0x9027270
R,0xc
W,0xc,0x1dc
R,0x9027278
W,0x10,0x3524730
R,0x10
R,0x3524730
R,0xc
W,0xc,0x1dd
R,0x3524738
W,0x10,0xbe29820
R,0x10
R,0xbe29820
R,0xc
W,0xc,0x1de
R,0xbe29828
W,0x10,0xa5d4300
R,0x10
R,0xa5d4300
R,0xc
W,0xc,0x1df
R,0xa5d4308
W,0x10,0x4d1a520
R,0x10
R,0x4d1a520
R,0xc
W,0xc,0x1e0
R,0x4d1a528
W,0x10,0x5bbb810
R,0x10
R,0x5bbb810
R,0xc
W,0xc,0x1e1
R,0x5bbb818
W,0x10,0x744d690
R,0x10
R,0x744d690
R,0xc
W,0xc,0x1e2
R,0x744d698
W,0x10,0xa928d10
R,0x10
R,0xa928d10
R,0xc
W,0xc,0x1e3
R,0xa928d18
W,0x10,0x4dc7f20
R,0x10
R,0x4dc7f20
R,0xc
W,0xc,0x1e4
R,0x4dc7f28
W,0x10,0xacf1750
R,0x10
R,0xacf1750
R,0xc
W,0xc,0x1e5
R,0xacf1758
W,0x10,0x36044a0
R,0x10
R,0x36044a0
R,0xc
W,0xc,0x1e6
R,0x36044a8
W,0x10,0xfc3cee0
R,0x10
R,0xfc3cee0
R,0xc
W,0xc,0x1e7
R,0xfc3cee8
W,0x10,0x4ea540
R,0x10
R,0x4ea540
R,0xc
W,0xc,0x1e8
R,0x4ea548
W,0x10,0x3cb20d0
R,0x10
R,0x3cb20d0
R,0xc
W,0xc,0x1e9
R,0x3cb20d8
W,0x10,0x6408450
R,0x10
R,0x6408450
R,0xc
W,0xc,0x1ea
R,0x6408458
W,0x10,0x83aea80
R,0x10
R,0x83aea80
R,0xc
W,0xc,0x1eb
R,0x83aea88
W,0x10,0x31c1e30
R,0x10
R,0x31c1e30
R,0xc
W,0xc,0x1ec
R,0x31c1e38
W,0x10,0x199da0
R,0x10
R,0x199da0
R,0xc
W,0xc,0x1ed
R,0x199da8
W,0x10,0xcac460
R,0x10
R,0xcac460
R,0xc
W,0xc,0x1ee
R,0xcac468
W,0x10,0xb7f9e40
R,0x10
R,0xb7f9e40
R,0xc
W,0xc,0x1ef
R,0xb7f9e48
W,0x10,0x4b2a8e0
R,0x10
R,0x4b2a8e0
R,0xc
W,0xc,0x1f0
R,0x4b2a8e8
W,0x10,0x2a5b130
R,0x10
R,0x2a5b130
R,0xc
W,0xc,0x1f1
R,0x2a5b138
W,0x10,0x7978400
R,0x10
R,0x7978400
R,0xc
W,0xc,0x1f2
R,0x7978408
W,0x10,0xbeb60
R,0x10
R,0xbeb60
R,0xc
W,0xc,0x1f3
R,0xbeb68
W,0x10,0xcb82070
R,0x10
R,0xcb82070
R,0xc
W,0xc,0x1f4
R,0xcb82078
W,0x10,0xd8d33a0
R,0x10
R,0xd8d33a0
R,0xc
W,0xc,0x1f5
R,0xd8d33a8
W,0x10,0x18a4d0
R,0x10
R,0x18a4d0
R,0xc
W,0xc,0x1f6
R,0x18a4d8
W,0x10,0x5415420
R,0x10
R,0x5415420
R,0xc
W,0xc,0x1f7
R,0x5415428
W,0x10,0xf877f80
R,0x10
R,0xf877f80
R,0xc
W,0xc,0x1f8
R,0xf877f88
W,0x10,0x255c510
R,0x10
R,0x255c510
R,0xc
W,0xc,0x1f9
R,0x255c518
W,0x10,0x8abbbf0
R,0x10
R,0x8abbbf0
R,0xc
W,0xc,0x1fa
R,0x8abbbf8
W,0x10,0x25acc30
R,0x10
R,0x25acc30
R,0xc
W,0xc,0x1fb
R,0x25acc38
W,0x10,0xea039b0
R,0x10
R,0xea039b0
R,0xc
W,0xc,0x1fc
R,0xea039b8
W,0x10,0xcfb0e40
R,0x10
R,0xcfb0e40
R,0xc
W,0xc,0x1fd
R,0xcfb0e48
W,0x10,0xe9a39d0
R,0x10
R,0xe9a39d0
R,0xc
W,0xc,0x1fe
R,0xe9a39d8
W,0x10,0x26f65b0
R,0x10
R,0x26f65b0
R,0xc
W,0xc,0x1ff
R,0x26f65b8
W,0x10,0x920a80
R,0x10
R,0x920a80
R,0xc
W,0xc,0x200
R,0x920a88
W,0x10,0x1c74b40
R,0x10
R,0x1c74b40
R,0xc
W,0xc,0x201
R,0x1c74b48
W,0x10,0xde54090
R,0x10
R,0xde54090
R,0xc
W,0xc,0x202
R,0xde54098
W,0x10,0x2bb6500
R,0x10
R,0x2bb6500
R,0xc
W,0xc,0x203
R,0x2bb6508
W,0x10,0xa16aaa0
R,0x10
R,0xa16aaa0
R,0xc
W,0xc,0x204
R,0xa16aaa8
W,0x10,0xe110000
R,0x10
R,0xe110000
R,0xc
W,0xc,0x205
R,0xe110008
W,0x10,0x720d2b0
R,0x10
R,0x720d2b0
R,0xc
W,0xc,0x206
R,0x720d2b8
W,0x10,0xf66270
R,0x10
R,0xf66270
R,0xc
W,0xc,0x207
R,0xf66278
W,0x10,0x498fb20
R,0x10
R,0x498fb20
R,0xc
W,0xc,0x208
R,0x498fb28
W,0x10,0xfbb2620
R,0x10
R,0xfbb2620
R,0xc
W,0xc,0x209
R,0xfbb2628
W,0x10,0xec82de0
R,0x10
R,0xec82de0
R,0xc
W,0xc,0x20a
R,0xec82de8
W,0x10,0x1aa3970
R,0x10
R,0x1aa3970
R,0xc
W,0xc,0x20b
R,0x1aa3978
W,0x10,0xb8dfe80
R,0x10
R,0xb8dfe80
R,0xc
W,0xc,0x20c
R,0xb8dfe88
W,0x10,0xfba5ef0
R,0x10
R,0xfba5ef0
R,0xc
W,0xc,0x20d
R,0xfba5ef8
W,0x10,0x64d0fa0
R,0x10
R,0x64d0fa0
R,0xc
W,0xc,0x20e
R,0x64d0fa8
W,0x10,0x69bd2a0
R,0x10
R,0x69bd2a0
R,0xc
W,0xc,0x20f
R,0x69bd2a8
W,0x10,0xd4b1870
R,0x10
R,0xd4b1870
R,0xc
W,0xc,0x210
R,0xd4b1878
W,0x10,0x9c0ed60
R,0x10
R,0x9c0ed60
R,0xc
W,0xc,0x211
R,0x9c0ed68
W,0x10,0x734abe0
R,0x10
R,0x734abe0
R,0xc
W,0xc,0x212
R,0x734abe8
W,0x10,0xc8a3a80
R,0x10
R,0xc8a3a80
R,0xc
W,0xc,0x213
R,0xc8a3a88
W,0x10,0xb2a1330
R,0x10
R,0xb2a1330
R,0xc
W,0xc,0x214
R,0xb2a1338
W,0x10,0x6863250
R,0x10
R,0x6863250
R,0xc
W,0xc,0x215
R,0x6863258
W,0x10,0xb27f3e0
R,0x10
R,0xb27f3e0
R,0xc
W,0xc,0x216
R,0xb27f3e8
W,0x10,0xe79b800
R,0x10
R,0xe79b800
R,0xc
W,0xc,0x217
R,0xe79b808
W,0x10,0x14fafc0
R,0x10
R,0x14fafc0
R,0xc
W,0xc,0x218
R,0x14fafc8
W,0x10,0xc428790
R,0x10
R,0xc428790
R,0xc
W,0xc,0x219
R,0xc428798
W,0x10,0x7d95190
R,0x10
R,0x7d95190
R,0xc
W,0xc,0x21a
R,0x7d95198
W,0x10,0xc9baf00
R,0x10
R,0xc9baf00
R,0xc
W,0xc,0x21b
R,0xc9baf08
W,0x10,0x6d5e710
R,0x10
R,0x6d5e710
R,0xc
W,0xc,0x21c
R,0x6d5e718
W,0x10,0x6a4f980
R,0x10
R,0x6a4f980
R,0xc
W,0xc,0x21d
R,0x6a4f988
W,0x10,0x12d0750
R,0x10
R,0x12d0750
R,0xc
W,0xc,0x21e
R,0x12d0758
W,0x10,0x491eec0
R,0x10
R,0x491eec0
R,0xc
W,0xc,0x21f
R,0x491eec8
W,0x10,0x251ac20
R,0x10
R,0x251ac20
R,0xc
W,0xc,0x220
R,0x251ac28
W,0x10,0x45e3170
R,0x10
R,0x45e3170
R,0xc
W,0xc,0x221
R,0x45e3178
W,0x10,0xb75d90
R,0x10
R,0xb75d90
R,0xc
W,0xc,0x222
R,0xb75d98
W,0x10,0x910b0b0
R,0x10
R,0x910b0b0
R,0xc
W,0xc,0x223
R,0x910b0b8
W,0x10,0xe1b55b0
R,0x10
R,0xe1b55b0
R,0xc
W,0xc,0x224
R,0xe1b55b8
W,0x10,0xae5e770
R,0x10
R,0xae5e770
R,0xc
W,0xc,0x225
R,0xae5e778
W,0x10,0x297aea0
R,0x10
R,0x297aea0
R,0xc
W,0xc,0x226
R,0x297aea8
W,0x10,0x4fb65f0
R,0x10
R,0x4fb65f0
R,0xc
W,0xc,0x227
R,0x4fb65f8
W,0x10,0x37d5d50
R,0x10
R,0x37d5d50
R,0xc
W,0xc,0x228
R,0x37d5d58
W,0x10,0x832fcb0
R,0x10
R,0x832fcb0
R,0xc
W,0xc,0x229
R,0x832fcb8
W,0x10,0xd5e9990
R,0x10
R,0xd5e9990
R,0xc
W,0xc,0x22a
R,0xd5e9998
W,0x10,0x1798bc0
R,0x10
R,0x1798bc0
R,0xc
W,0xc,0x22b
R,0x1798bc8
W,0x10,0x78be7d0
R,0x10
R,0x78be7d0
R,0xc
W,0xc,0x22c
R,0x78be7d8
W,0x10,0x128dae0
R,0x10
R,0x128dae0
R,0xc
W,0xc,0x22d
R,0x128dae8
W,0x10,0x3b1290
R,0x10
R,0x3b1290
R,0xc
W,0xc,0x22e
R,0x3b1298
W,0x10,0x9789a00
R,0x10
R,0x9789a00
R,0xc
W,0xc,0x22f
R,0x9789a08
W,0x10,0x9347c10
R,0x10
R,0x9347c10
R,0xc
W,0xc,0x230
R,0x9347c18
W,0x10,0xd76d0b0
R,0x10
R,0xd76d0b0
R,0xc
W,0xc,0x231
R,0xd76d0b8
W,0x10,0xd62270
R,0x10
R,0xd62270
R,0xc
W,0xc,0x232
R,0xd62278
W,0x10,0x21d7180
R,0x10
R,0x21d7180
R,0xc
W,0xc,0x233
R,0x21d7188
W,0x10,0x3c77ef0
R,0x10
R,0x3c77ef0
R,0xc
W,0xc,0x234
R,0x3c77ef8
W,0x10,0xd17b3b0
R,0x10
R,0xd17b3b0
R,0xc
W,0xc,0x235
R,0xd17b3b8
W,0x10,0x5866950
R,0x10
R,0x5866950
R,0xc
W,0xc,0x236
R,0x5866958
W,0x10,0xefa3da0
R,0x10
R,0xefa3da0
R,0xc
W,0xc,0x237
R,0xefa3da8
W,0x10,0x2172500
R,0x10
R,0x2172500
R,0xc
W,0xc,0x238
R,0x2172508
W,0x10,0x79d96a0
R,0x10
R,0x79d96a0
R,0xc
W,0xc,0x239
R,0x79d96a8
W,0x10,0x3aac4a0
R,0x10
R,0x3aac4a0
R,0xc
W,0xc,0x23a
R,0x3aac4a8
W,0x10,0x4a7a570
R,0x10
R,0x4a7a570
R,0xc
W,0xc,0x23b
R,0x4a7a578
W,0x10,0xa6f72c0
R,0x10
R,0xa6f72c0
R,0xc
W,0xc,0x23c
R,0xa6f72c8
W,0x10,0x3bb2590
R,0x10
R,0x3bb2590
R,0xc
W,0xc,0x23d
R,0x3bb2598
W,0x10,0xc56f460
R,0x10
R,0xc56f460
R,0xc
W,0xc,0x23e
R,0xc56f468
W,0x10,0x17464a0
R,0x10
R,0x17464a0
R,0xc
W,0xc,0x23f
R,0x17464a8
W,0x10,0x51b3230
R,0x10
R,0x51b3230
R,0xc
W,0xc,0x240
R,0x51b3238
W,0x10,0x13346e0
R,0x10
R,0x13346e0
R,0xc
W,0xc,0x241
R,0x13346e8
W,0x10,0x975c70
R,0x10
R,0x975c70
R,0xc
W,0xc,0x242
R,0x975c78
W,0x10,0x6d38130
R,0x10
R,0x6d38130
R,0xc
W,0xc,0x243
R,0x6d38138
W,0x10,0x8aabe40
R,0x10
R,0x8aabe40
R,0xc
W,0xc,0x244
R,0x8aabe48
W,0x10,0x46fa050
R,0x10
R,0x46fa050
R,0xc
W,0xc,0x245
R,0x46fa058
W,0x10,0x278c260
R,0x10
R,0x278c260
R,0xc
W,0xc,0x246
R,0x278c268
W,0x10,0xaaf7090
R,0x10
R,0xaaf7090
R,0xc
W,0xc,0x247
R,0xaaf7098
W,0x10,0x1f4c10
R,0x10
R,0x1f4c10
R,0xc
W,0xc,0x248
R,0x1f4c18
W,0x10,0xb052e20
R,0x10
R,0xb052e20
R,0xc
W,0xc,0x249
R,0xb052e28
W,0x10,0x8165b50
R,0x10
R,0x8165b50
R,0xc
W,0xc,0x24a
R,0x8165b58
W,0x10,0xea7d0f0
R,0x10
R,0xea7d0f0
R,0xc
W,0xc,0x24b
R,0xea7d0f8
W,0x10,0xb07a0
R,0x10
R,0xb07a0
R,0xc
W,0xc,0x24c
R,0xb07a8
W,0x10,0xbab6f00
R,0x10
R,0xbab6f00
R,0xc
W,0xc,0x24d
R,0xbab6f08
W,0x10,0x2e82700
R,0x10
R,0x2e82700
R,0xc
W,0xc,0x24e
R,0x2e82708
W,0x10,0xa2dc7b0
R,0x10
R,0xa2dc7b0
R,0xc
W,0xc,0x24f
R,0xa2dc7b8
W,0x10,0x382a8c0
R,0x10
R,0x382a8c0
R,0xc
W,0xc,0x250
R,0x382a8c8
W,0x10,0x5a64500
R,0x10
R,0x5a64500
R,0xc
W,0xc,0x251
R,0x5a64508
W,0x10,0x2b7ecf0
R,0x10
R,0x2b7ecf0
R,0xc
W,0xc,0x252
R,0x2b7ecf8
W,0x10,0x526c540
R,0x10
R,0x526c540
R,0xc
W,0xc,0x253
R,0x526c548
W,0x10,0xedb4da0
R,0x10
R,0xedb4da0
R,0xc
W,0xc,0x254
R,0xedb4da8
W,0x10,0xe0e4050
R,0x10
R,0xe0e4050
R,0xc
W,0xc,0x255
R,0xe0e4058
W,0x10,0x5779c60
R,0x10
R,0x5779c60
R,0xc
W,0xc,0x256
R,0x5779c68
W,0x10,0x2bbc270
R,0x10
R,0x2bbc270
R,0xc
W,0xc,0x257
R,0x2bbc278
W,0x10,0xf56b60
R,0x10
R,0xf56b60
R,0xc
W,0xc,0x258
R,0xf56b68
W,0x10,0x7612290
R,0x10
R,0x7612290
R,0xc
W,0xc,0x259
R,0x7612298
W,0x10,0x738d6e0
R,0x10
R,0x738d6e0
R,0xc
W,0xc,0x25a
R,0x738d6e8
W,0x10,0x1eb1220
R,0x10
R,0x1eb1220
R,0xc
W,0xc,0x25b
R,0x1eb1228
W,0x10,0x114c360
R,0x10
R,0x114c360
R,0xc
W,0xc,0x25c
R,0x114c368
W,0x10,0x99c6ea0
R,0x10
R,0x99c6ea0
R,0xc
W,0xc,0x25d
R,0x99c6ea8
W,0x10,0x38b2890
R,0x10
R,0x38b2890
R,0xc
W,0xc,0x25e
R,0x38b2898
W,0x10,0x172ff50
R,0x10
R,0x172ff50
R,0xc
W,0xc,0x25f
R,0x172ff58
W,0x10,0x1b3fac0
R,0x10
R,0x1b3fac0
R,0xc
W,0xc,0x260
R,0x1b3fac8
W,0x10,0x6c1fd70
R,0x10
R,0x6c1fd70
R,0xc
W,0xc,0x261
R,0x6c1fd78
W,0x10,0xb2ac3b0
R,0x10
R,0xb2ac3b0
R,0xc
W,0xc,0x262
R,0xb2ac3b8
W,0x10,0xc3532a0
R,0x10
R,0xc3532a0
R,0xc
W,0xc,0x263
R,0xc3532a8
W,0x10,0xcbcff40
R,0x10
R,0xcbcff40
R,0xc
W,0xc,0x264
R,0xcbcff48
W,0x10,0x654b6b0
R,0x10
R,0x654b6b0
R,0xc
W,0xc,0x265
R,0x654b6b8
W,0x10,0x4438e70
R,0x10
R,0x4438e70
R,0xc
W,0xc,0x266
R,0x4438e78
W,0x10,0x4b51100
R,0x10
R,0x4b51100
R,0xc
W,0xc,0x267
R,0x4b51108
W,0x10,0xb4492b0
R,0x10
R,0xb4492b0
R,0xc
W,0xc,0x268
R,0xb4492b8
W,0x10,0xab2bdd0
R,0x10
R,0xab2bdd0
R,0xc
W,0xc,0x269
R,0xab2bdd8
W,0x10,0x44ff700
R,0x10
R,0x44ff700
R,0xc
W,0xc,0x26a
R,0x44ff708
W,0x10,0x2d9cb60
R,0x10
R,0x2d9cb60
R,0xc
W,0xc,0x26b
R,0x2d9cb68
W,0x10,0xf67e0c0
R,0x10
R,0xf67e0c0
R,0xc
W,0xc,0x26c
R,0xf67e0c8
W,0x10,0x6131ad0
R,0x10
R,0x6131ad0
R,0xc
W,0xc,0x26d
R,0x6131ad8
W,0x10,0x4d34a90
R,0x10
R,0x4d34a90
R,0xc
W,0xc,0x26e
R,0x4d34a98
W,0x10,0x6f33520
R,0x10
R,0x6f33520
R,0xc
W,0xc,0x26f
R,0x6f33528
W,0x10,0xb541cc0
R,0x10
R,0xb541cc0
R,0xc
W,0xc,0x270
R,0xb541cc8
W,0x10,0x5175e0
R,0x10
R,0x5175e0
R,0xc
W,0xc,0x271
R,0x5175e8
W,0x10,0xd41d780
R,0x10
R,0xd41d780
R,0xc
W,0xc,0x272
R,0xd41d788
W,0x10,0x7b4cea0
R,0x10
R,0x7b4cea0
R,0xc
W,0xc,0x273
R,0x7b4cea8
W,0x10,0x6c996c0
R,0x10
R,0x6c996c0
R,0xc
W,0xc,0x274
R,0x6c996c8
W,0x10,0xc7acb20
R,0x10
R,0xc7acb20
R,0xc
W,0xc,0x275
R,0xc7acb28
W,0x10,0xfd5c50
R,0x10
R,0xfd5c50
R,0xc
W,0xc,0x276
R,0xfd5c58
W,0x10,0x11c6280
R,0x10
R,0x11c6280
R,0xc
W,0xc,0x277
R,0x11c6288
W,0x10,0xd3f3c30
R,0x10
R,0xd3f3c30
R,0xc
W,0xc,0x278
R,0xd3f3c38
W,0x10,0xbe82de0
R,0x10
R,0xbe82de0
R,0xc
W,0xc,0x279
R,0xbe82de8
W,0x10,0xdf83450
R,0x10
R,0xdf83450
R,0xc
W,0xc,0x27a
R,0xdf83458
W,0x10,0xa728ef0
R,0x10
R,0xa728ef0
R,0xc
W,0xc,0x27b
R,0xa728ef8
W,0x10,0xc8f5a90
R,0x10
R,0xc8f5a90
R,0xc
W,0xc,0x27c
R,0xc8f5a98
W,0x10,0x2e264a0
R,0x10
R,0x2e264a0
R,0xc
W,0xc,0x27d
R,0x2e264a8
W,0x10,0x78c0
R,0x10
R,0x78c0
R,0xc
W,0xc,0x27e
R,0x78c8
W,0x10,0xabc6b80
R,0x10
R,0xabc6b80
R,0xc
W,0xc,0x27f
R,0xabc6b88
W,0x10,0xcf67d60
R,0x10
R,0xcf67d60
R,0xc
W,0xc,0x280
R,0xcf67d68
W,0x10,0xf67d950
R,0x10
R,0xf67d950
R,0xc
W,0xc,0x281
R,0xf67d958
W,0x10,0x758f050
R,0x10
R,0x758f050
R,0xc
W,0xc,0x282
R,0x758f058
W,0x10,0x691b3b0
R,0x10
R,0x691b3b0
R,0xc
W,0xc,0x283
R,0x691b3b8
W,0x10,0xe72b950
R,0x10
R,0xe72b950
R,0xc
W,0xc,0x284
R,0xe72b958
W,0x10,0xaf43dc0
R,0x10
R,0xaf43dc0
R,0xc
W,0xc,0x285
R,0xaf43dc8
W,0x10,0x9d95bb0
R,0x10
R,0x9d95bb0
R,0xc
W,0xc,0x286
R,0x9d95bb8
W,0x10,0x62116d0
R,0x10
R,0x62116d0
R,0xc
W,0xc,0x287
R,0x62116d8
W,0x10,0x2478ea0
R,0x10
R,0x2478ea0
R,0xc
W,0xc,0x288
R,0x2478ea8
W,0x10,0x1b4bb30
R,0x10
R,0x1b4bb30
R,0xc
W,0xc,0x289
R,0x1b4bb38
W,0x10,0x53c8310
R,0x10
R,0x53c8310
R,0xc
W,0xc,0x28a
R,0x53c8318
W,0x10,0x223b440
R,0x10
R,0x223b440
R,0xc
W,0xc,0x28b
R,0x223b448
W,0x10,0x182500
R,0x10
R,0x182500
R,0xc
W,0xc,0x28c
R,0x182508
W,0x10,0xdb52ab0
R,0x10
R,0xdb52ab0
R,0xc
W,0xc,0x28d
R,0xdb52ab8
W,0x10,0x315f850
R,0x10
R,0x315f850
R,0xc
W,0xc,0x28e
R,0x315f858
W,0x10,0xa2f5b90
R,0x10
R,0xa2f5b90
R,0xc
W,0xc,0x28f
R,0xa2f5b98
W,0x10,0x1e95f20
R,0x10
R,0x1e95f20
R,0xc
W,0xc,0x290
R,0x1e95f28
W,0x10,0x9151f90
R,0x10
R,0x9151f90
R,0xc
W,0xc,0x291
R,0x9151f98
W,0x10,0x200e3a0
R,0x10
R,0x200e3a0
R,0xc
W,0xc,0x292
R,0x200e3a8
W,0x10,0x9034e20
R,0x10
R,0x9034e20
R,0xc
W,0xc,0x293
R,0x9034e28
W,0x10,0xabcd610
R,0x10
R,0xabcd610
R,0xc
W,0xc,0x294
R,0xabcd618
W,0x10,0xd89bd40
R,0x10
R,0xd89bd40
R,0xc
W,0xc,0x295
R,0xd89bd48
W,0x10,0x8d4590
R,0x10
R,0x8d4590
R,0xc
W,0xc,0x296
R,0x8d4598
W,0x10,0x7a16f10
R,0x10
R,0x7a16f10
R,0xc
W,0xc,0x297
R,0x7a16f18
W,0x10,0x9fe70e0
R,0x10
R,0x9fe70e0
R,0xc
W,0xc,0x298
R,0x9fe70e8
W,0x10,0xa094940
R,0x10
R,0xa094940
R,0xc
W,0xc,0x299
R,0xa094948
W,0x10,0x1f0fd10
R,0x10
R,0x1f0fd10
R,0xc
W,0xc,0x29a
R,0x1f0fd18
W,0x10,0xf9a4c0
R,0x10
R,0xf9a4c0
R,0xc
W,0xc,0x29b
R,0xf9a4c8
W,0x10,0x7c679b0
R,0x10
R,0x7c679b0
R,0xc
W,0xc,0x29c
R,0x7c679b8
W,0x10,0x24e5500
R,0x10
R,0x24e5500
R,0xc
W,0xc,0x29d
R,0x24e5508
W,0x10,0x47fb060
R,0x10
R,0x47fb060
R,0xc
W,0xc,0x29e
R,0x47fb068
W,0x10,0x5ea62e0
R,0x10
R,0x5ea62e0
R,0xc
W,0xc,0x29f
R,0x5ea62e8
W,0x10,0xf5c8d00
R,0x10
R,0xf5c8d00
R,0xc
W,0xc,0x2a0
R,0xf5c8d08
W,0x10,0x52b4af0
R,0x10
R,0x52b4af0
R,0xc
W,0xc,0x2a1
R,0x52b4af8
W,0x10,0xdabdce0
R,0x10
R,0xdabdce0
R,0xc
W,0xc,0x2a2
R,0xdabdce8
W,0x10,0xf460100
R,0x10
R,0xf460100
R,0xc
W,0xc,0x2a3
R,0xf460108
W,0x10,0x5b7de80
R,0x10
R,0x5b7de80
R,0xc
W,0xc,0x2a4
R,0x5b7de88
W,0x10,0x6a9c470
R,0x10
R,0x6a9c470
R,0xc
W,0xc,0x2a5
R,0x6a9c478
W,0x10,0x6f3b1d0
R,0x10
R,0x6f3b1d0
R,0xc
W,0xc,0x2a6
R,0x6f3b1d8
W,0x10,0x216a830
R,0x10
R,0x216a830
R,0xc
W,0xc,0x2a7
R,0x216a838
W,0x10,0xd596f00
R,0x10
R,0xd596f00
R,0xc
W,0xc,0x2a8
R,0xd596f08
W,0x10,0x929d860
R,0x10
R,0x929d860
R,0xc
W,0xc,0x2a9
R,0x929d868
W,0x10,0x3475f60
R,0x10
R,0x3475f60
R,0xc
W,0xc,0x2aa
R,0x3475f68
W,0x10,0x6e02860
R,0x10
R,0x6e02860
R,0xc
W,0xc,0x2ab
R,0x6e02868
W,0x10,0x3109450
R,0x10
R,0x3109450
R,0xc
W,0xc,0x2ac
R,0x3109458
W,0x10,0x12eb010
R,0x10
R,0x12eb010
R,0xc
W,0xc,0x2ad
R,0x12eb018
W,0x10,0x74fc800
R,0x10
R,0x74fc800
R,0xc
W,0xc,0x2ae
R,0x74fc808
W,0x10,0x840c520
R,0x10
R,0x840c520
R,0xc
W,0xc,0x2af
R,0x840c528
W,0x10,0xa2390a0
R,0x10
R,0xa2390a0
R,0xc
W,0xc,0x2b0
R,0xa2390a8
W,0x10,0x693f80
R,0x10
R,0x693f80
R,0xc
W,0xc,0x2b1
R,0x693f88
W,0x10,0x6c4b9d0
R,0x10
R,0x6c4b9d0
R,0xc
W,0xc,0x2b2
R,0x6c4b9d8
W,0x10,0xaed73e0
R,0x10
R,0xaed73e0
R,0xc
W,0xc,0x2b3
R,0xaed73e8
W,0x10,0x9c8c970
R,0x10
R,0x9c8c970
R,0xc
W,0xc,0x2b4
R,0x9c8c978
W,0x10,0x57cb8e0
R,0x10
R,0x57cb8e0
R,0xc
W,0xc,0x2b5
R,0x57cb8e8
W,0x10,0xc7103c0
R,0x10
R,0xc7103c0
R,0xc
W,0xc,0x2b6
R,0xc7103c8
W,0x10,0x6596fb0
R,0x10
R,0x6596fb0
R,0xc
W,0xc,0x2b7
R,0x6596fb8
W,0x10,0xfe12b60
R,0x10
R,0xfe12b60
R,0xc
W,0xc,0x2b8
R,0xfe12b68
W,0x10,0x76d8b00
R,0x10
R,0x76d8b00
R,0xc
W,0xc,0x2b9
R,0x76d8b08
W,0x10,0xc339d90
R,0x10
R,0xc339d90
R,0xc
W,0xc,0x2ba
R,0xc339d98
W,0x10,0xaae8620
R,0x10
R,0xaae8620
R,0xc
W,0xc,0x2bb
R,0xaae8628
W,0x10,0xa2906d0
R,0x10
R,0xa2906d0
R,0xc
W,0xc,0x2bc
R,0xa2906d8
W,0x10,0x3f5f7f0
R,0x10
R,0x3f5f7f0
R,0xc
W,0xc,0x2bd
R,0x3f5f7f8
W,0x10,0x620d350
R,0x10
R,0x620d350
R,0xc
W,0xc,0x2be
R,0x620d358
W,0x10,0xf86e840
R,0x10
R,0xf86e840
R,0xc
W,0xc,0x2bf
R,0xf86e848
W,0x10,0x7293480
R,0x10
R,0x7293480
R,0xc
W,0xc,0x2c0
R,0x7293488
W,0x10,0xc625460
R,0x10
R,0xc625460
R,0xc
W,0xc,0x2c1
R,0xc625468
W,0x10,0xf115bb0
R,0x10
R,0xf115bb0
R,0xc
W,0xc,0x2c2
R,0xf115bb8
W,0x10,0x4285470
R,0x10
R,0x4285470
R,0xc
W,0xc,0x2c3
R,0x4285478
W,0x10,0x4de3980
R,0x10
R,0x4de3980
R,0xc
W,0xc,0x2c4
R,0x4de3988
W,0x10,0xea3d260
R,0x10
R,0xea3d260
R,0xc
W,0xc,0x2c5
R,0xea3d268
W,0x10,0x87c6670
R,0x10
R,0x87c6670
R,0xc
W,0xc,0x2c6
R,0x87c6678
W,0x10,0xc5b59e0
R,0x10
R,0xc5b59e0
R,0xc
W,0xc,0x2c7
R,0xc5b59e8
W,0x10,0x6ce480
R,0x10
R,0x6ce480
R,0xc
W,0xc,0x2c8
R,0x6ce488
W,0x10,0x1f643e0
R,0x10
R,0x1f643e0
R,0xc
W,0xc,0x2c9
R,0x1f643e8
W,0x10,0x5cec360
R,0x10
R,0x5cec360
R,0xc
W,0xc,0x2ca
R,0x5cec368
W,0x10,0x1b000e0
R,0x10
R,0x1b000e0
R,0xc
W,0xc,0x2cb
R,0x1b000e8
W,0x10,0x3aa83a0
R,0x10
R,0x3aa83a0
R,0xc
W,0xc,0x2cc
R,0x3aa83a8
W,0x10,0x70a3990
R,0x10
R,0x70a3990
R,0xc
W,0xc,0x2cd
R,0x70a3998
W,0x10,0x4bf7dd0
R,0x10
R,0x4bf7dd0
R,0xc
W,0xc,0x2ce
R,0x4bf7dd8
W,0x10,0x344c810
R,0x10
R,0x344c810
R,0xc
W,0xc,0x2cf
R,0x344c818
W,0x10,0x59848e0
R,0x10
R,0x59848e0
R,0xc
W,0xc,0x2d0
R,0x59848e8
W,0x10,0x4905000
R,0x10
R,0x4905000
R,0xc
W,0xc,0x2d1
R,0x4905008
W,0x10,0xc881f10
R,0x10
R,0xc881f10
R,0xc
W,0xc,0x2d2
R,0xc881f18
W,0x10,0x358b4e0
R,0x10
R,0x358b4e0
R,0xc
W,0xc,0x2d3
R,0x358b4e8
W,0x10,0x24f9b20
R,0x10
R,0x24f9b20
R,0xc
W,0xc,0x2d4
R,0x24f9b28
W,0x10,0x773ed60
R,0x10
R,0x773ed60
R,0xc
W,0xc,0x2d5
R,0x773ed68
W,0x10,0xc72fd30
R,0x10
R,0xc72fd30
R,0xc
W,0xc,0x2d6
R,0xc72fd38
W,0x10,0x8389110
R,0x10
R,0x8389110
R,0xc
W,0xc,0x2d7
R,0x8389118
W,0x10,0x479d1b0
R,0x10
R,0x479d1b0
R,0xc
W,0xc,0x2d8
R,0x479d1b8
W,0x10,0x7e08b00
R,0x10
R,0x7e08b00
R,0xc
W,0xc,0x2d9
R,0x7e08b08
W,0x10,0xdb94fe0
R,0x10
R,0xdb94fe0
R,0xc
W,0xc,0x2da
R,0xdb94fe8
W,0x10,0xe34a9f0
R,0x10
R,0xe34a9f0
R,0xc
W,0xc,0x2db
R,0xe34a9f8
W,0x10,0xf339160
R,0x10
R,0xf339160
R,0xc
W,0xc,0x2dc
R,0xf339168
W,0x10,0x9fd3b10
R,0x10
R,0x9fd3b10
R,0xc
W,0xc,0x2dd
R,0x9fd3b18
W,0x10,0xbbefda0
R,0x10
R,0xbbefda0
R,0xc
W,0xc,0x2de
R,0xbbefda8
W,0x10,0xa155540
R,0x10
R,0xa155540
R,0xc
W,0xc,0x2df
R,0xa155548
W,0x10,0x4452c60
R,0x10
R,0x4452c60
R,0xc
W,0xc,0x2e0
R,0x4452c68
W,0x10,0x4b0ff00
R,0x10
R,0x4b0ff00
R,0xc
W,0xc,0x2e1
R,0x4b0ff08
W,0x10,0xc3fe90
R,0x10
R,0xc3fe90
R,0xc
W,0xc,0x2e2
R,0xc3fe98
W,0x10,0xef97700
R,0x10
R,0xef97700
R,0xc
W,0xc,0x2e3
R,0xef97708
W,0x10,0x7ad7770
R,0x10
R,0x7ad7770
R,0xc
W,0xc,0x2e4
R,0x7ad7778
W,0x10,0xb82e520
R,0x10
R,0xb82e520
R,0xc
W,0xc,0x2e5
R,0xb82e528
W,0x10,0x5f3b860
R,0x10
R,0x5f3b860
R,0xc
W,0xc,0x2e6
R,0x5f3b868
W,0x10,0xb4a9750
R,0x10
R,0xb4a9750
R,0xc
W,0xc,0x2e7
R,0xb4a9758
W,0x10,0x4f0d560
R,0x10
R,0x4f0d560
R,0xc
W,0xc,0x2e8
R,0x4f0d568
W,0x10,0xd38fd60
R,0x10
R,0xd38fd60
R,0xc
W,0xc,0x2e9
R,0xd38fd68
W,0x10,0xae693d0
R,0x10
R,0xae693d0
R,0xc
W,0xc,0x2ea
R,0xae693d8
W,0x10,0xc2da130
R,0x10
R,0xc2da130
R,0xc
W,0xc,0x2eb
R,0xc2da138
W,0x10,0x1ab0030
R,0x10
R,0x1ab0030
R,0xc
W,0xc,0x2ec
R,0x1ab0038
W,0x10,0x973c420
R,0x10
R,0x973c420
R,0xc
W,0xc,0x2ed
R,0x973c428
W,0x10,0x35b46b0
R,0x10
R,0x35b46b0
R,0xc
W,0xc,0x2ee
R,0x35b46b8
W,0x10,0x3d64b70
R,0x10
R,0x3d64b70
R,0xc
W,0xc,0x2ef
R,0x3d64b78
W,0x10,0xe958b0
R,0x10
R,0xe958b0
R,0xc
W,0xc,0x2f0
R,0xe958b8
W,0x10,0x876d5b0
R,0x10
R,0x876d5b0
R,0xc
W,0xc,0x2f1
R,0x876d5b8
W,0x10,0x963ee20
R,0x10
R,0x963ee20
R,0xc
W,0xc,0x2f2
R,0x963ee28
W,0x10,0x5f03750
R,0x10
R,0x5f03750
R,0xc
W,0xc,0x2f3
R,0x5f03758
W,0x10,0x85482b0
R,0x10
R,0x85482b0
R,0xc
W,0xc,0x2f4
R,0x85482b8
W,0x10,0x12a7d70
R,0x10
R,0x12a7d70
R,0xc
W,0xc,0x2f5
R,0x12a7d78
W,0x10,0x585e1e0
R,0x10
R,0x585e1e0
R,0xc
W,0xc,0x2f6
R,0x585e1e8
W,0x10,0x6b572b0
R,0x10
R,0x6b572b0
R,0xc
W,0xc,0x2f7
R,0x6b572b8
W,0x10,0xe12cf20
R,0x10
R,0xe12cf20
R,0xc
W,0xc,0x2f8
R,0xe12cf28
W,0x10,0xabf8110
R,0x10
R,0xabf8110
R,0xc
W,0xc,0x2f9
R,0xabf8118
W,0x10,0xd5d9ab0
R,0x10
R,0xd5d9ab0
R,0xc
W,0xc,0x2fa
R,0xd5d9ab8
W,0x10,0xe65900
R,0x10
R,0xe65900
R,0xc
W,0xc,0x2fb
R,0xe65908
W,0x10,0x651270
R,0x10
R,0x651270
R,0xc
W,0xc,0x2fc
R,0x651278
W,0x10,0x7b32450
R,0x10
R,0x7b32450
R,0xc
W,0xc,0x2fd
R,0x7b32458
W,0x10,0xa34bb30
R,0x10
R,0xa34bb30
R,0xc
W,0xc,0x2fe
R,0xa34bb38
W,0x10,0x98f3b00
R,0x10
R,0x98f3b00
R,0xc
W,0xc,0x2ff
R,0x98f3b08
W,0x10,0x491ed30
R,0x10
R,0x491ed30
R,0xc
W,0xc,0x300
R,0x491ed38
W,0x10,0x300fda0
R,0x10
R,0x300fda0
R,0xc
W,0xc,0x301
R,0x300fda8
W,0x10,0xe43a3b0
R,0x10
R,0xe43a3b0
R,0xc
W,0xc,0x302
R,0xe43a3b8
W,0x10,0x132ea00
R,0x10
R,0x132ea00
R,0xc
W,0xc,0x303
R,0x132ea08
W,0x10,0xa74f1c0
R,0x10
R,0xa74f1c0
R,0xc
W,0xc,0x304
R,0xa74f1c8
W,0x10,0x87929c0
R,0x10
R,0x87929c0
R,0xc
W,0xc,0x305
R,0x87929c8
W,0x10,0xd3faf00
R,0x10
R,0xd3faf00
R,0xc
W,0xc,0x306
R,0xd3faf08
W,0x10,0x666c220
R,0x10
R,0x666c220
R,0xc
W,0xc,0x307
R,0x666c228
W,0x10,0x562c880
R,0x10
R,0x562c880
R,0xc
W,0xc,0x308
R,0x562c888
W,0x10,0x9396240
R,0x10
R,0x9396240
R,0xc
W,0xc,0x309
R,0x9396248
W,0x10,0x8c82800
R,0x10
R,0x8c82800
R,0xc
W,0xc,0x30a
R,0x8c82808
W,0x10,0xd49ebd0
R,0x10
R,0xd49ebd0
R,0xc
W,0xc,0x30b
R,0xd49ebd8
W,0x10,0x5893200
R,0x10
R,0x5893200
R,0xc
W,0xc,0x30c
R,0x5893208
W,0x10,0x5f2c120
R,0x10
R,0x5f2c120
R,0xc
W,0xc,0x30d
R,0x5f2c128
W,0x10,0x5e54ef0
R,0x10
R,0x5e54ef0
R,0xc
W,0xc,0x30e
R,0x5e54ef8
W,0x10,0x8cccc00
R,0x10
R,0x8cccc00
R,0xc
W,0xc,0x30f
R,0x8cccc08
W,0x10,0x972fcc0
R,0x10
R,0x972fcc0
R,0xc
W,0xc,0x310
R,0x972fcc8
W,0x10,0xc606170
R,0x10
R,0xc606170
R,0xc
W,0xc,0x311
R,0xc606178
W,0x10,0x926390
R,0x10
R,0x926390
R,0xc
W,0xc,0x312
R,0x926398
W,0x10,0x405c020
R,0x10
R,0x405c020
R,0xc
W,0xc,0x313
R,0x405c028
W,0x10,0x5950b30
R,0x10
R,0x5950b30
R,0xc
W,0xc,0x314
R,0x5950b38
W,0x10,0xfc90790
R,0x10
R,0xfc90790
R,0xc
W,0xc,0x315
R,0xfc90798
W,0x10,0x73c23c0
R,0x10
R,0x73c23c0
R,0xc
W,0xc,0x316
R,0x73c23c8
W,0x10,0x7d20e50
R,0x10
R,0x7d20e50
R,0xc
W,0xc,0x317
R,0x7d20e58
W,0x10,0xffe1210
R,0x10
R,0xffe1210
R,0xc
W,0xc,0x318
R,0xffe1218
W,0x10,0xba48230
R,0x10
R,0xba48230
R,0xc
W,0xc,0x319
R,0xba48238
W,0x10,0xf7faf70
R,0x10
R,0xf7faf70
R,0xc
W,0xc,0x31a
R,0xf7faf78
W,0x10,0xaf49f0
R,0x10
R,0xaf49f0
R,0xc
W,0xc,0x31b
R,0xaf49f8
W,0x10,0x1177690
R,0x10
R,0x1177690
R,0xc
W,0xc,0x31c
R,0x1177698
W,0x10,0x991c180
R,0x10
R,0x991c180
R,0xc
W,0xc,0x31d
R,0x991c188
W,0x10,0x4510150
R,0x10
R,0x4510150
R,0xc
W,0xc,0x31e
R,0x4510158
W,0x10,0x5c0e800
R,0x10
R,0x5c0e800
R,0xc
W,0xc,0x31f
R,0x5c0e808
W,0x10,0x4460010
R,0x10
R,0x4460010
R,0xc
W,0xc,0x320
R,0x4460018
W,0x10,0xaecab90
R,0x10
R,0xaecab90
R,0xc
W,0xc,0x321
R,0xaecab98
W,0x10,0x20bccc0
R,0x10
R,0x20bccc0
R,0xc
W,0xc,0x322
R,0x20bccc8
W,0x10,0x1daf5e0
R,0x10
R,0x1daf5e0
R,0xc
W,0xc,0x323
R,0x1daf5e8
W,0x10,0x6147670
R,0x10
R,0x6147670
R,0xc
W,0xc,0x324
R,0x6147678
W,0x10,0x3b9af70
R,0x10
R,0x3b9af70
R,0xc
W,0xc,0x325
R,0x3b9af78
W,0x10,0x3aabd40
R,0x10
R,0x3aabd40
R,0xc
W,0xc,0x326
R,0x3aabd48
W,0x10,0x6c72450
R,0x10
R,0x6c72450
R,0xc
W,0xc,0x327
R,0x6c72458
W,0x10,0xb160290
R,0x10
R,0xb160290
R,0xc
W,0xc,0x328
R,0xb160298
W,0x10,0x5263c80
R,0x10
R,0x5263c80
R,0xc
W,0xc,0x329
R,0x5263c88
W,0x10,0x92c4c90
R,0x10
R,0x92c4c90
R,0xc
W,0xc,0x32a
R,0x92c4c98
W,0x10,0x5608c0
R,0x10
R,0x5608c0
R,0xc
W,0xc,0x32b
R,0x5608c8
W,0x10,0xc2e65b0
R,0x10
R,0xc2e65b0
R,0xc
W,0xc,0x32c
R,0xc2e65b8
W,0x10,0xb74a670
R,0x10
R,0xb74a670
R,0xc
W,0xc,0x32d
R,0xb74a678
W,0x10,0x43bcfb0
R,0x10
R,0x43bcfb0
R,0xc
W,0xc,0x32e
R,0x43bcfb8
W,0x10,0xb354530
R,0x10
R,0xb354530
R,0xc
W,0xc,0x32f
R,0xb354538
W,0x10,0x7694c60
R,0x10
R,0x7694c60
R,0xc
W,0xc,0x330
R,0x7694c68
W,0x10,0xb388140
R,0x10
R,0xb388140
R,0xc
W,0xc,0x331
R,0xb388148
W,0x10,0x1deff10
R,0x10
R,0x1deff10
R,0xc
W,0xc,0x332
R,0x1deff18
W,0x10,0xd2dc670
R,0x10
R,0xd2dc670
R,0xc
W,0xc,0x333
R,0xd2dc678
W,0x10,0xdbbf110
R,0x10
R,0xdbbf110
R,0xc
W,0xc,0x334
R,0xdbbf118
W,0x10,0xc49e3d0
R,0x10
R,0xc49e3d0
R,0xc
W,0xc,0x335
R,0xc49e3d8
W,0x10,0x3c4bdb0
R,0x10
R,0x3c4bdb0
R,0xc
W,0xc,0x336
R,0x3c4bdb8
W,0x10,0xfa6d890
R,0x10
R,0xfa6d890
R,0xc
W,0xc,0x337
R,0xfa6d898
W,0x10,0xe5d02a0
R,0x10
R,0xe5d02a0
R,0xc
W,0xc,0x338
R,0xe5d02a8
W,0x10,0xd10c1a0
R,0x10
R,0xd10c1a0
R,0xc
W,0xc,0x339
R,0xd10c1a8
W,0x10,0x2ed19a0
R,0x10
R,0x2ed19a0
R,0xc
W,0xc,0x33a
R,0x2ed19a8
W,0x10,0x467df30
R,0x10
R,0x467df30
R,0xc
W,0xc,0x33b
R,0x467df38
W,0x10,0x7570200
R,0x10
R,0x7570200
R,0xc
W,0xc,0x33c
R,0x7570208
W,0x10,0x9570250
R,0x10
R,0x9570250
R,0xc
W,0xc,0x33d
R,0x9570258
W,0x10,0xd03e130
R,0x10
R,0xd03e130
R,0xc
W,0xc,0x33e
R,0xd03e138
W,0x10,0x305df90
R,0x10
R,0x305df90
R,0xc
W,0xc,0x33f
R,0x305df98
W,0x10,0xdd75d20
R,0x10
R,0xdd75d20
R,0xc
W,0xc,0x340
R,0xdd75d28
W,0x10,0xf73a190
R,0x10
R,0xf73a190
R,0xc
W,0xc,0x341
R,0xf73a198
W,0x10,0x1466410
R,0x10
R,0x1466410
R,0xc
W,0xc,0x342
R,0x1466418
W,0x10,0xc697b00
R,0x10
R,0xc697b00
R,0xc
W,0xc,0x343
R,0xc697b08
W,0x10,0xadf9cd0
R,0x10
R,0xadf9cd0
R,0xc
W,0xc,0x344
R,0xadf9cd8
W,0x10,0x7bde380
R,0x10
R,0x7bde380
R,0xc
W,0xc,0x345
R,0x7bde388
W,0x10,0x4c042f0
R,0x10
R,0x4c042f0
R,0xc
W,0xc,0x346
R,0x4c042f8
W,0x10,0xe583e00
R,0x10
R,0xe583e00
R,0xc
W,0xc,0x347
R,0xe583e08
W,0x10,0x340c4d0
R,0x10
R,0x340c4d0
R,0xc
W,0xc,0x348
R,0x340c4d8
W,0x10,0xe3309b0
R,0x10
R,0xe3309b0
R,0xc
W,0xc,0x349
R,0xe3309b8
W,0x10,0xdf230a0
R,0x10
R,0xdf230a0
R,0xc
W,0xc,0x34a
R,0xdf230a8
W,0x10,0xca3fd50
R,0x10
R,0xca3fd50
R,0xc
W,0xc,0x34b
R,0xca3fd58
W,0x10,0x12ccd80
R,0x10
R,0x12ccd80
R,0xc
W,0xc,0x34c
R,0x12ccd88
W,0x10,0x5a5f560
R,0x10
R,0x5a5f560
R,0xc
W,0xc,0x34d
R,0x5a5f568
W,0x10,0x7ff0920
R,0x10
R,0x7ff0920
R,0xc
W,0xc,0x34e
R,0x7ff0928
W,0x10,0xde01de0
R,0x10
R,0xde01de0
R,0xc
W,0xc,0x34f
R,0xde01de8
W,0x10,0x52f0010
R,0x10
R,0x52f0010
R,0xc
W,0xc,0x350
R,0x52f0018
W,0x10,0xafc96a0
R,0x10
R,0xafc96a0
R,0xc
W,0xc,0x351
R,0xafc96a8
W,0x10,0xf540880
R,0x10
R,0xf540880
R,0xc
W,0xc,0x352
R,0xf540888
W,0x10,0xecf6960
R,0x10
R,0xecf6960
R,0xc
W,0xc,0x353
R,0xecf6968
W,0x10,0xa78d200
R,0x10
R,0xa78d200
R,0xc
W,0xc,0x354
R,0xa78d208
W,0x10,0xf769b70
R,0x10
R,0xf769b70
R,0xc
W,0xc,0x355
R,0xf769b78
W,0x10,0xea7b460
R,0x10
R,0xea7b460
R,0xc
W,0xc,0x356
R,0xea7b468
W,0x10,0xca2fd50
R,0x10
R,0xca2fd50
R,0xc
W,0xc,0x357
R,0xca2fd58
W,0x10,0x66c6510
R,0x10
R,0x66c6510
R,0xc
W,0xc,0x358
R,0x66c6518
W,0x10,0xa8b61f0
R,0x10
R,0xa8b61f0
R,0xc
W,0xc,0x359
R,0xa8b61f8
W,0x10,0x78475c0
R,0x10
R,0x78475c0
R,0xc
W,0xc,0x35a
R,0x78475c8
W,0x10,0xeaf7db0
R,0x10
R,0xeaf7db0
R,0xc
W,0xc,0x35b
R,0xeaf7db8
W,0x10,0x2367020
R,0x10
R,0x2367020
R,0xc
W,0xc,0x35c
R,0x2367028
W,0x10,0xd1157f0
R,0x10
R,0xd1157f0
R,0xc
W,0xc,0x35d
R,0xd1157f8
W,0x10,0x32d1ab0
R,0x10
R,0x32d1ab0
R,0xc
W,0xc,0x35e
R,0x32d1ab8
W,0x10,0xc826650
R,0x10
R,0xc826650
R,0xc
W,0xc,0x35f
R,0xc826658
W,0x10,0x11f2190
R,0x10
R,0x11f2190
R,0xc
W,0xc,0x360
R,0x11f2198
W,0x10,0x57efae0
R,0x10
R,0x57efae0
R,0xc
W,0xc,0x361
R,0x57efae8
W,0x10,0xd372650
R,0x10
R,0xd372650
R,0xc
W,0xc,0x362
R,0xd372658
W,0x10,0x65e9f70
R,0x10
R,0x65e9f70
R,0xc
W,0xc,0x363
R,0x65e9f78
W,0x10,0xa38d490
R,0x10
R,0xa38d490
R,0xc
W,0xc,0x364
R,0xa38d498
W,0x10,0xd9297a0
R,0x10
R,0xd9297a0
R,0xc
W,0xc,0x365
R,0xd9297a8
W,0x10,0xe3dffc0
R,0x10
R,0xe3dffc0
R,0xc
W,0xc,0x366
R,0xe3dffc8
W,0x10,0xf361d30
R,0x10
R,0xf361d30
R,0xc
W,0xc,0x367
R,0xf361d38
W,0x10,0x5f1d350
R,0x10
R,0x5f1d350
R,0xc
W,0xc,0x368
R,0x5f1d358
W,0x10,0xc97e850
R,0x10
R,0xc97e850
R,0xc
W,0xc,0x369
R,0xc97e858
W,0x10,0x30d2b80
R,0x10
R,0x30d2b80
R,0xc
W,0xc,0x36a
R,0x30d2b88
W,0x10,0xcb58070
R,0x10
R,0xcb58070
R,0xc
W,0xc,0x36b
R,0xcb58078
W,0x10,0x60c3c70
R,0x10
R,0x60c3c70
R,0xc
W,0xc,0x36c
R,0x60c3c78
W,0x10,0xf9ad100
R,0x10
R,0xf9ad100
R,0xc
W,0xc,0x36d
R,0xf9ad108
W,0x10,0x4f70840
R,0x10
R,0x4f70840
R,0xc
W,0xc,0x36e
R,0x4f70848
W,0x10,0xf9b17c0
R,0x10
R,0xf9b17c0
R,0xc
W,0xc,0x36f
R,0xf9b17c8
W,0x10,0x337c0c0
R,0x10
R,0x337c0c0
R,0xc
W,0xc,0x370
R,0x337c0c8
W,0x10,0xa126f80
R,0x10
R,0xa126f80
R,0xc
W,0xc,0x371
R,0xa126f88
W,0x10,0xa96fb20
R,0x10
R,0xa96fb20
R,0xc
W,0xc,0x372
R,0xa96fb28
W,0x10,0x96f6d70
R,0x10
R,0x96f6d70
R,0xc
W,0xc,0x373
R,0x96f6d78
W,0x10,0x39086c0
R,0x10
R,0x39086c0
R,0xc
W,0xc,0x374
R,0x39086c8
W,0x10,0x57ea780
R,0x10
R,0x57ea780
R,0xc
W,0xc,0x375
R,0x57ea788
W,0x10,0x2446140
R,0x10
R,0x2446140
R,0xc
W,0xc,0x376
R,0x2446148
W,0x10,0x8134540
R,0x10
R,0x8134540
R,0xc
W,0xc,0x377
R,0x8134548
W,0x10,0x458adf0
R,0x10
R,0x458adf0
R,0xc
W,0xc,0x378
R,0x458adf8
W,0x10,0xed628b0
R,0x10
R,0xed628b0
R,0xc
W,0xc,0x379
R,0xed628b8
W,0x10,0xc955e70
R,0x10
R,0xc955e70
R,0xc
W,0xc,0x37a
R,0xc955e78
W,0x10,0xf8b7be0
R,0x10
R,0xf8b7be0
R,0xc
W,0xc,0x37b
R,0xf8b7be8
W,0x10,0x7818340
R,0x10
R,0x7818340
R,0xc
W,0xc,0x37c
R,0x7818348
W,0x10,0xb2cc630
R,0x10
R,0xb2cc630
R,0xc
W,0xc,0x37d
R,0xb2cc638
W,0x10,0xa6789b0
R,0x10
R,0xa6789b0
R,0xc
W,0xc,0x37e
R,0xa6789b8
W,0x10,0x5a55c70
R,0x10
R,0x5a55c70
R,0xc
W,0xc,0x37f
R,0x5a55c78
W,0x10,0x5c3e6f0
R,0x10
R,0x5c3e6f0
R,0xc
W,0xc,0x380
R,0x5c3e6f8
W,0x10,0x8017500
R,0x10
R,0x8017500
R,0xc
W,0xc,0x381
R,0x8017508
W,0x10,0xa01e10
R,0x10
R,0xa01e10
R,0xc
W,0xc,0x382
R,0xa01e18
W,0x10,0x220e190
R,0x10
R,0x220e190
R,0xc
W,0xc,0x383
R,0x220e198
W,0x10,0x6d09830
R,0x10
R,0x6d09830
R,0xc
W,0xc,0x384
R,0x6d09838
W,0x10,0x9cc08d0
R,0x10
R,0x9cc08d0
R,0xc
W,0xc,0x385
R,0x9cc08d8
W,0x10,0x53398c0
R,0x10
R,0x53398c0
R,0xc
W,0xc,0x386
R,0x53398c8
W,0x10,0xa70c2e0
R,0x10
R,0xa70c2e0
R,0xc
W,0xc,0x387
R,0xa70c2e8
W,0x10,0xd377160
R,0x10
R,0xd377160
R,0xc
W,0xc,0x388
R,0xd377168
W,0x10,0xf4e69d0
R,0x10
R,0xf4e69d0
R,0xc
W,0xc,0x389
R,0xf4e69d8
W,0x10,0x76151c0
R,0x10
R,0x76151c0
R,0xc
W,0xc,0x38a
R,0x76151c8
W,0x10,0x7d730e0
R,0x10
R,0x7d730e0
R,0xc
W,0xc,0x38b
R,0x7d730e8
W,0x10,0x77a63c0
R,0x10
R,0x77a63c0
R,0xc
W,0xc,0x38c
R,0x77a63c8
W,0x10,0xd9b9c00
R,0x10
R,0xd9b9c00
R,0xc
W,0xc,0x38d
R,0xd9b9c08
W,0x10,0xe05b2b0
R,0x10
R,0xe05b2b0
R,0xc
W,0xc,0x38e
R,0xe05b2b8
W,0x10,0xc7a5ca0
R,0x10
R,0xc7a5ca0
R,0xc
W,0xc,0x38f
R,0xc7a5ca8
W,0x10,0x812e6f0
R,0x10
R,0x812e6f0
R,0xc
W,0xc,0x390
R,0x812e6f8
W,0x10,0xc7d4070
R,0x10
R,0xc7d4070
R,0xc
W,0xc,0x391
R,0xc7d4078
W,0x10,0x7e29bb0
R,0x10
R,0x7e29bb0
R,0xc
W,0xc,0x392
R,0x7e29bb8
W,0x10,0x629ea60
R,0x10
R,0x629ea60
R,0xc
W,0xc,0x393
R,0x629ea68
W,0x10,0x5fe3c70
R,0x10
R,0x5fe3c70
R,0xc
W,0xc,0x394
R,0x5fe3c78
W,0x10,0x58f9d80
R,0x10
R,0x58f9d80
R,0xc
W,0xc,0x395
R,0x58f9d88
W,0x10,0xfb543a0
R,0x10
R,0xfb543a0
R,0xc
W,0xc,0x396
R,0xfb543a8
W,0x10,0x5706830
R,0x10
R,0x5706830
R,0xc
W,0xc,0x397
R,0x5706838
W,0x10,0x1aad970
R,0x10
R,0x1aad970
R,0xc
W,0xc,0x398
R,0x1aad978
W,0x10,0x5344360
R,0x10
R,0x5344360
R,0xc
W,0xc,0x399
R,0x5344368
W,0x10,0xe7561d0
R,0x10
R,0xe7561d0
R,0xc
W,0xc,0x39a
R,0xe7561d8
W,0x10,0xdb16ce0
R,0x10
R,0xdb16ce0
R,0xc
W,0xc,0x39b
R,0xdb16ce8
W,0x10,0xd3dc570
R,0x10
R,0xd3dc570
R,0xc
W,0xc,0x39c
R,0xd3dc578
W,0x10,0xe496c90
R,0x10
R,0xe496c90
R,0xc
W,0xc,0x39d
R,0xe496c98
W,0x10,0x2df2a0
R,0x10
R,0x2df2a0
R,0xc
W,0xc,0x39e
R,0x2df2a8
W,0x10,0x39da6c0
R,0x10
R,0x39da6c0
R,0xc
W,0xc,0x39f
R,0x39da6c8
W,0x10,0xab6f3b0
R,0x10
R,0xab6f3b0
R,0xc
W,0xc,0x3a0
R,0xab6f3b8
W,0x10,0xafc640
R,0x10
R,0xafc640
R,0xc
W,0xc,0x3a1
R,0xafc648
W,0x10,0x6a424d0
R,0x10
R,0x6a424d0
R,0xc
W,0xc,0x3a2
R,0x6a424d8
W,0x10,0xc8e8f80
R,0x10
R,0xc8e8f80
R,0xc
W,0xc,0x3a3
R,0xc8e8f88
W,0x10,0x4d8d3c0
R,0x10
R,0x4d8d3c0
R,0xc
W,0xc,0x3a4
R,0x4d8d3c8
W,0x10,0x5b372b0
R,0x10
R,0x5b372b0
R,0xc
W,0xc,0x3a5
R,0x5b372b8
W,0x10,0xab4db0
R,0x10
R,0xab4db0
R,0xc
W,0xc,0x3a6
R,0xab4db8
W,0x10,0xe481980
R,0x10
R,0xe481980
R,0xc
W,0xc,0x3a7
R,0xe481988
W,0x10,0x9ebfd90
R,0x10
R,0x9ebfd90
R,0xc
W,0xc,0x3a8
R,0x9ebfd98
W,0x10,0xe12ad70
R,0x10
R,0xe12ad70
R,0xc
W,0xc,0x3a9
R,0xe12ad78
W,0x10,0x8d01910
R,0x10
R,0x8d01910
R,0xc
W,0xc,0x3aa
R,0x8d01918
W,0x10,0x61807d0
R,0x10
R,0x61807d0
R,0xc
W,0xc,0x3ab
R,0x61807d8
W,0x10,0x43f0e40
R,0x10
R,0x43f0e40
R,0xc
W,0xc,0x3ac
R,0x43f0e48
W,0x10,0x908f010
R,0x10
R,0x908f010
R,0xc
W,0xc,0x3ad
R,0x908f018
W,0x10,0xb0bda20
R,0x10
R,0xb0bda20
R,0xc
W,0xc,0x3ae
R,0xb0bda28
W,0x10,0x4097c50
R,0x10
R,0x4097c50
R,0xc
W,0xc,0x3af
R,0x4097c58
W,0x10,0x90c010
R,0x10
R,0x90c010
R,0xc
W,0xc,0x3b0
R,0x90c018
W,0x10,0x4d88f10
R,0x10
R,0x4d88f10
R,0xc
W,0xc,0x3b1
R,0x4d88f18
W,0x10,0xaa3be40
R,0x10
R,0xaa3be40
R,0xc
W,0xc,0x3b2
R,0xaa3be48
W,0x10,0x6f23830
R,0x10
R,0x6f23830
R,0xc
W,0xc,0x3b3
R,0x6f23838
W,0x10,0xb114830
R,0x10
R,0xb114830
R,0xc
W,0xc,0x3b4
R,0xb114838
W,0x10,0x81095b0
R,0x10
R,0x81095b0
R,0xc
W,0xc,0x3b5
R,0x81095b8
W,0x10,0xe27af90
R,0x10
R,0xe27af90
R,0xc
W,0xc,0x3b6
R,0xe27af98
W,0x10,0xbb0ba10
R,0x10
R,0xbb0ba10
R,0xc
W,0xc,0x3b7
R,0xbb0ba18
W,0x10,0x53d7280
R,0x10
R,0x53d7280
R,0xc
W,0xc,0x3b8
R,0x53d7288
W,0x10,0x383cde0
R,0x10
R,0x383cde0
R,0xc
W,0xc,0x3b9
R,0x383cde8
W,0x10,0x8ab3e50
R,0x10
R,0x8ab3e50
R,0xc
W,0xc,0x3ba
R,0x8ab3e58
W,0x10,0x47d9360
R,0x10
R,0x47d9360
R,0xc
W,0xc,0x3bb
R,0x47d9368
W,0x10,0xee15d00
R,0x10
R,0xee15d00
R,0xc
W,0xc,0x3bc
R,0xee15d08
W,0x10,0x79b8ef0
R,0x10
R,0x79b8ef0
R,0xc
W,0xc,0x3bd
R,0x79b8ef8
W,0x10,0x7f1ac10
R,0x10
R,0x7f1ac10
R,0xc
W,0xc,0x3be
R,0x7f1ac18
W,0x10,0xf747ab0
R,0x10
R,0xf747ab0
R,0xc
W,0xc,0x3bf
R,0xf747ab8
W,0x10,0x96d54a0
R,0x10
R,0x96d54a0
R,0xc
W,0xc,0x3c0
R,0x96d54a8
W,0x10,0x1946110
R,0x10
R,0x1946110
R,0xc
W,0xc,0x3c1
R,0x1946118
W,0x10,0xc752e90
R,0x10
R,0xc752e90
R,0xc
W,0xc,0x3c2
R,0xc752e98
W,0x10,0x1d01570
R,0x10
R,0x1d01570
R,0xc
W,0xc,0x3c3
R,0x1d01578
W,0x10,0x2a6f720
R,0x10
R,0x2a6f720
R,0xc
W,0xc,0x3c4
R,0x2a6f728
W,0x10,0x2b78980
R,0x10
R,0x2b78980
R,0xc
W,0xc,0x3c5
R,0x2b78988
W,0x10,0x32820b0
R,0x10
R,0x32820b0
R,0xc
W,0xc,0x3c6
R,0x32820b8
W,0x10,0xb14c100
R,0x10
R,0xb14c100
R,0xc
W,0xc,0x3c7
R,0xb14c108
W,0x10,0x3b2ea0
R,0x10
R,0x3b2ea0
R,0xc
W,0xc,0x3c8
R,0x3b2ea8
W,0x10,0x5085890
R,0x10
R,0x5085890
R,0xc
W,0xc,0x3c9
R,0x5085898
W,0x10,0x65f80d0
R,0x10
R,0x65f80d0
R,0xc
W,0xc,0x3ca
R,0x65f80d8
W,0x10,0xcc9080
R,0x10
R,0xcc9080
R,0xc
W,0xc,0x3cb
R,0xcc9088
W,0x10,0xa81d1d0
R,0x10
R,0xa81d1d0
R,0xc
W,0xc,0x3cc
R,0xa81d1d8
W,0x10,0xa569db0
R,0x10
R,0xa569db0
R,0xc
W,0xc,0x3cd
R,0xa569db8
W,0x10,0xdb81c00
R,0x10
R,0xdb81c00
R,0xc
W,0xc,0x3ce
R,0xdb81c08
W,0x10,0x417c430
R,0x10
R,0x417c430
R,0xc
W,0xc,0x3cf
R,0x417c438
W,0x10,0x73c50a0
R,0x10
R,0x73c50a0
R,0xc
W,0xc,0x3d0
R,0x73c50a8
W,0x10,0x918edf0
R,0x10
R,0x918edf0
R,0xc
W,0xc,0x3d1
R,0x918edf8
W,0x10,0x4967590
R,0x10
R,0x4967590
R,0xc
W,0xc,0x3d2
R,0x4967598
W,0x10,0x9177880
R,0x10
R,0x9177880
R,0xc
W,0xc,0x3d3
R,0x9177888
W,0x10,0xabc320
R,0x10
R,0xabc320
R,0xc
W,0xc,0x3d4
R,0xabc328
W,0x10,0x7240410
R,0x10
R,0x7240410
R,0xc
W,0xc,0x3d5
R,0x7240418
W,0x10,0x7dc0c00
R,0x10
R,0x7dc0c00
R,0xc
W,0xc,0x3d6
R,0x7dc0c08
W,0x10,0x8594270
R,0x10
R,0x8594270
R,0xc
W,0xc,0x3d7
R,0x8594278
W,0x10,0x2b2f970
R,0x10
R,0x2b2f970
R,0xc
W,0xc,0x3d8
R,0x2b2f978
W,0x10,0x162f4b0
R,0x10
R,0x162f4b0
R,0xc
W,0xc,0x3d9
R,0x162f4b8
W,0x10,0x57476e0
R,0x10
R,0x57476e0
R,0xc
W,0xc,0x3da
R,0x57476e8
W,0x10,0x54364b0
R,0x10
R,0x54364b0
R,0xc
W,0xc,0x3db
R,0x54364b8
W,0x10,0xce72c0
R,0x10
R,0xce72c0
R,0xc
W,0xc,0x3dc
R,0xce72c8
W,0x10,0x194dbe0
R,0x10
R,0x194dbe0
R,0xc
W,0xc,0x3dd
R,0x194dbe8
W,0x10,0x3d64250
R,0x10
R,0x3d64250
R,0xc
W,0xc,0x3de
R,0x3d64258
W,0x10,0x850ab90
R,0x10
R,0x850ab90
R,0xc
W,0xc,0x3df
R,0x850ab98
W,0x10,0x60d01c0
R,0x10
R,0x60d01c0
R,0xc
W,0xc,0x3e0
R,0x60d01c8
W,0x10,0xaa0c50
R,0x10
R,0xaa0c50
R,0xc
W,0xc,0x3e1
R,0xaa0c58
W,0x10,0xea04400
R,0x10
R,0xea04400
R,0xc
W,0xc,0x3e2
R,0xea04408
W,0x10,0xf3d82c0
R,0x10
R,0xf3d82c0
R,0xc
W,0xc,0x3e3
R,0xf3d82c8
W,0x10,0xec35d50
R,0x10
R,0xec35d50
R,0xc
W,0xc,0x3e4
R,0xec35d58
W,0x10,0x2b36f30
R,0x10
R,0x2b36f30
R,0xc
W,0xc,0x3e5
R,0x2b36f38
W,0x10,0xf9ed40
R,0x10
R,0xf9ed40
R,0xc
W,0xc,0x3e6
R,0xf9ed48
W,0x10,0xd3c70b0
R,0x10
R,0xd3c70b0
R,0xc
W,0xc,0x3e7
R,0xd3c70b8
W,0x10,0x3e10200
R,0x10
R,0x3e10200
R,0xc
W,0xc,0x3e8
R,0x3e10208
W,0x10,0x0
R,0x10
R,0xc
